Key,en,zh-Hans,zh-Hant,de,es,fr,hu,ja,ko,ru,pt-br,uk,it,th,tr,sv
MainMenu.TabHeaderLable.Editor,Editor,编辑器,編輯器,Editor,Editor,Éditeur,Szerkesztő,エディター,편집기,Редактор,Editor,редактор,Editore,Editor,Editör,Redaktör
MainMenu.Editor.CharacterPopup.DeleteCharacterPrompt,"Are you sure you want to delete character ""{0}""? This action cannot be undone.",您确定要删除角色“{0}”吗？此操作不可撤销。,您確定要刪除角色“{0}”嗎？此操作無法復原。,"Bist du sicher, dass du den Charakter „{0}“ löschen möchtest? Diese Aktion kann nicht rückgängig gemacht werden.","¿Confirmas que quieres eliminar el personaje ""{0}""? Esta acción no se puede deshacer.","Êtes-vous sûr de vouloir supprimer le caractère ""{0}"" ? Cette action ne peut pas être annulée.","Biztosan törölni szeretné a(z) ""{0}"" karaktert? Ez a művelet nem vonható vissza.",キャラクター「{0}」を削除しますか？この操作は元に戻せません。,"""{0}"" 캐릭터를 삭제하시겠습니까? 이 작업은 되돌릴 수 없습니다.","Вы уверены, что хотите удалить символ ""{0}""? Это действие невозможно отменить.","Você tem certeza que quer excluir o personagem ""{0}""? Essa ação não pode ser desfeita.","Ви впевнені, що бажаєте видалити символ ""{0}""? Цю дію не можна скасувати.","Sei sicuro di voler eliminare il carattere ""{0}""? Questa azione non può essere annullata.","คุณแน่ใจหรือไม่ว่าต้องการลบตัวละคร ""{0}""? การกระทำนี้จะไม่สามารถย้อนกลับมาแก้ไขได้","""{{0}“ isimli karakteri silmek istediğinizden emin misiniz? Bu karar geri alınamaz.","Är du säker på att du vill ta bort tecknet ""{0}""? Denna åtgärd kan inte ångras."
MainMenu.Editor.CharacterPopup.OverwriteCharacterPrompt,"Character ""{0}"" already exist. Are you sure you want to overwrite character ""{0}""? This action cannot be undone.",角色“{0}”已存在。您确定要覆盖角色“{0}”吗？此操作不可撤销。,角色“{0}”已存在。您確定要覆蓋角色“{0}”嗎？此操作無法復原。,"Der Charakter „{0}“ ist bereits vorhanden. Bist du sicher, dass du den Charakter „{0}“ überschreiben möchtest? Diese Aktion kann nicht rückgängig gemacht werden.","El personaje ""{0}"" ya existe. ¿Quieres sobreescribir el personaje ""{0}""? Esta acción no se puede deshacer.","Le caractère ""{0}"" existe déjà. Êtes-vous sûr de vouloir remplacer le caractère « {0} » ? Cette action ne peut pas être annulée.","A(z) ""{0}"" karakter már létezik. Biztosan felül szeretné írni a(z) ""{0}"" karaktert? Ez a művelet nem vonható vissza.",キャラクター「{0}」はすでに存在します。上書きしますか？この操作は元に戻せません。,"캐릭터 ""{0}""이(가) 이미 존재합니다. ""{0}"" 캐릭터를 덮어쓰시겠습니까? 이 작업은 되돌릴 수 없습니다.","Персонаж ""{0}"" уже существует. Вы уверены, что хотите перезаписать символ ""{0}""? Это действие невозможно отменить.","O personagem ""{0}"" já existe. Você tem certeza que quer sobrescrever o personagem ""{0}""? Essa ação não poderá ser desfeita.","Символ ""{0}"" уже існує. Ви впевнені, що бажаєте перезаписати символ ""{0}""? Цю дію не можна скасувати.","Il carattere ""{0}"" esiste già. Sei sicuro di voler sovrascrivere il carattere ""{0}""? Questa azione non può essere annullata.","คุณมีตัวละคร ""{0}"" อยู่แล้ว คุณแน่ใจหรือไม่ว่า ต้องการบันทึกทับตัวละคร ""{0}""? การกระทำนี้ไม่สามารถย้อนกลับมาแก้ไขได้","""{0}“ İsimli karakter halihazırda mevcut. „{0}“ isimli karakterin üstüne yazmak istediğinizden emin misiniz? Bu karar geri alınamaz.","Tecknet ""{0}"" finns redan. Är du säker på att du vill skriva över tecknet ""{0}""? Denna åtgärd kan inte ångras."
MainMenu.Confirm,Confirm,确认,確認,Bestätigen,Confirmar,Confirmer,Erősítse meg,確認,확인,Подтверждать,Confirmar,Підтвердити,Confermare,ยืนยัน,Onayla,Bekräfta
MainMenu.Cancel,Cancel,取消,取消,Abbrechen,Cancelar,Annuler,Mégse,キャンセル,취소,Отмена,Cancelar,Скасувати,Cancellare,ยกเลิก,İptal et,Avboka
MainMenu.Editor.CharacterPopup.SaveCharacterPrompt,Please enter a character name:,请输入角色名：,請輸入角色名：,Bitte gib einen Charakternamen ein:,Por favor ingresa el nombre del personaje:,Veuillez saisir un nom de personnage :,"Kérjük, írjon be egy karakternevet:",キャラクター名を入力してください,캐릭터 이름을 입력해주세요:,"Пожалуйста, введите имя персонажа:",Por favor coloque um nome para o personagem:,"Будь ласка, введіть ім'я персонажа:",Inserisci il nome del personaggio:,โปรดป้อนชื่อตัวละคร:,Lütfen bir karakter ismi giriniz.,Vänligen ange ett teckennamn:
MainMenu.Editor.Model,Models,模型,模型,Modelle,Modelos,Modèles,Modellek,モデル,모델,Модели,Modelos,Моделі,Modelli,โมเดล,Modeller,Modeller
MainMenu.Editor.Character,Character,角色,角色,Charakter,Personaje,Personnage,Karakter,キャラクター,캐릭터,Характер,Personagem,персонаж,Carattere,ตัวละคร,Karakter,Karaktär
MainMenu.Editor.Animation,Animation,动画,動畫,Animation,Animación,Animation,Animáció,アニメーション,애니메이션,Анимация,Animação,Анімація,Animazione,แอนิเมชัน,Animasyon,Animation
MainMenu.Editor.PartsSelection,Choose Parts,部件选择,部件選擇,Teile auswählen,Elije las partes,Choisir des pièces,Válassza az Alkatrészek lehetőséget,パーツ選択,파츠 선택,Выберите детали,Escolha partes,Виберіть частини,Scegli Parti,เลือกชิ้นส่วน,Bölüm Seç,Välj delar
MainMenu.Editor.PartsAdjustment,Adjustment,部件调整,部件調整,Einstellung,Ajustes,Ajustement,Beállítás,調整,세부 조정,Корректирование,Ajuste,коригування,Regolazione,การแก้ไข,Düzenleme,Justering
MainMenu.Search,Search...,搜索……,搜尋……,Suchen...,Buscar...,Recherche...,Keresés...,検索…,검색...,Поиск...,Pesquisar...,пошук...,Ricerca...,ค้นหา...,Ara...,Söka...
MainMenu.Editor.SaveCharacter,Save Character,保存角色,儲存角色,Charakter speichern,Guardar personaje,Enregistrer le personnage,Karakter mentése,キャラクターを保存,캐릭터 저장,Сохранить персонажа,Salvar personagem,Зберегти символ,Salva personaggio,บันทึกตัวละคร,Karakteri Kaydet,Spara tecken
MainMenu.Editor.Unload,Clear Character,重置角色,重置角色,Charakter zurücksetzen,Limpiar personaje,Caractère clair,Tiszta karakter,キャラクターを初期化,캐릭터 초기화,Ясный характер,Limpar personagem,Чіткий характер,Carattere chiaro,ล้างตัวละคร,Karakteri Sıfırla,Tydlig karaktär
MainMenu.Editor.DeleteCharacter,Delete Character,删除角色,刪除角色,Charakter löschen,Eliminar personaje,Supprimer un personnage,Karakter törlése,キャラクターを削除,캐릭터 삭제,Удалить персонажа,Deletar personagem,Видалити символ,Elimina carattere,ลบตัวละคร,Karakteri Sil,Ta bort tecken
MainMenu.Editor.UseCustomTextures,Use Custom Textures,使用自定义贴图,使用自訂貼圖,Benutzerdefinierte Texturen verwenden,Utilizar texturas personalizadas,Utiliser des textures personnalisées,Egyéni textúrák használata,カスタムテクスチャを使用,사용자 정의 텍스처 사용,Используйте пользовательские текстуры,Usar Texturas Customizadas,Використовуйте спеціальні текстури,Usa texture personalizzate,ใช้ Custom Texture,Özel Doku Kullan,Använd anpassade texturer
MainMenu.Editor.ReloadTextures,Reload Textures,重新加载贴图,重新載入貼圖,Texturen neu laden,Recargar texturas,Recharger les textures,Textúrák újratöltése,テクスチャを再読み込み,텍스처 다시 불러오기,Перезагрузить текстуры,Recarregar Texturas,Перезавантажити текстури,Ricarica le texture,โหลด Texture ใหม่,Dokuları Yinele,Ladda om texturer
MainMenu.Editor.OpenCustomTextureFolder,Open Custom Texture Folder,打开自定义贴图文件夹,開啟自訂貼圖資料夾,Ordner für benutzerdefinierte Texturen öffnen,Abrir carpeta de texturas personalizada,Ouvrir le dossier de textures personnalisées,Nyissa meg az Egyéni textúra mappát,カスタムテクスチャフォルダを開く,사용자 정의 텍스처 폴더 열기,Открыть папку с пользовательскими текстурами,Abrir Pasta Com Texturas Customizadas,Відкрийте папку Custom Texture,Apri la cartella Texture personalizzata,เปิดโฟลเดอร์ Custom Texture,Özel Doku Klasörünü Aç,Öppna anpassad texturmapp
MainMenu.Editor.Color,Color,颜色,顏色,Farbe,Color,Couleur,Szín,色,색상,Цвет,Cor,Колір,Colore,สี,Renk,Färg
MainMenu.Editor.TintColor,TintColor,浅色,淺色,Tönungsfarbe,TintedeColor,TeinteCouleur,TintColor,色合い,바탕 색상,ОттенокЦвет,CorDaMatiz,TintColor,TintaColore,สีย้อม,Ana Renk,TintColor
MainMenu.Editor.TintBlackColor,TintBlackColor,深色,深色,Dunkle Tönungsfarbe,TinteColorNegro,TeinteNoirCouleur,TintBlackColor,黒の色合い,선화 색상,ОттенокЧерныйЦвет,CorDaMatizPreto,TintBlackColor,TintaNeroColore,สีย้อมดำ,Alt Renk,NyansSvartFärg
MainMenu.Editor.LICENSE,LICENSE,使用条款,使用條款,LIZENZ,LICENCIA,LICENCE,ENGEDÉLY,ライセンス,라이선스,ЛИЦЕНЗИЯ,LICENÇA,ЛІЦЕНЗІЯ,LICENZA,ใบอนุญาตซอฟต์แวร์ (LICENSE),LİSANS,LICENS
MainMenu.Editor.AssetTypeAA,Default Assets,内置模型,內建模型,Standard-Assets,Texturas Predeterminadas,Actifs par défaut,Alapértelmezett eszközök,標準アセット,기본 에셋,Активы по умолчанию,Assets Padrão,Активи за замовчуванням,Asset predefiniti,Default Assets,Standart İçerikler,Standardtillgångar
MainMenu.Editor.AssetTypeSA,Third-Party Assets,第三方模型,第三方模型,Drittanbieter-Assets,Texturas de Terceros,Actifs de tiers,Harmadik féltől származó eszközök,外部アセット,외부 에셋,Сторонние активы,Assets de Terceiros,Активи третіх сторін,Beni di terzi,Asset ของบุคคลที่สาม,Üçüncü Parti İçerikler,Tredjepartstillgångar
MainMenu.Editor.CharacterPopup.CharacterNameEmpty,Name cannot be empty.,角色名不得为空。,角色名不得為空。,Der Name darf nicht leer sein.,El nombre no puede estar vacío.,Le nom ne peut pas être vide.,A név nem lehet üres.,名前は空にできません,이름은 비워둘 수 없습니다.,Имя не может быть пустым.,O nome não pode estar vazio.,Назва не може бути пустою.,Il nome non può essere vuoto.,ชื่อต้องไม่ว่างเปล่า,İsim boş bırakılamaz.,Namnet får inte vara tomt.
MainMenu.Editor.CharacterPopup.CharacterNameLength,Name cannot exceed {0} characters.,角色名不得超过{0}个字符。,角色名不得超過{0}個字元。,Der Name darf nicht länger als {0} Zeichen sein.,El nombre no puede exceder los {0} caracteres.,Le nom ne peut pas dépasser {0} caractères.,A név nem haladhatja meg a {0} karaktert.,名前は{0}文字以内で入力してください,이름은 {0}자를 초과할 수 없습니다.,Имя не может превышать {0} символов.,O nome não pode exceder {0} caracteres.,Назва не може перевищувати {0} символів.,Il nome non può contenere più di {0} caratteri.,ชื่อต้องไม่เกิน {0} ตัวอักษร,"İsim, {0} harfi geçemez.",Namnet får inte överstiga {0} tecken.
MainMenu.Editor.CharacterPopup.CharacterNameInvalidCharacter,"Name cannot contain the character ""{0}"".",角色名不得包含特殊字符“{0}”。,角色名不得包含特殊字元“{0}”。,Der Name darf das Zeichen „{0}“ nicht enthalten.,"El nombre no puede contener el carácter ""{0}"".","Le nom ne peut pas contenir le caractère ""{0}"".","A név nem tartalmazhatja a ""{0}"" karaktert.",名前に「{0}」は使用できません,"이름에는 ""{0}"" 문자를 포함할 수 없습니다.",Имя не может содержать символ «{0}».,"O nome não pode conter o caractere ""{0}"".","Назва не може містити символ ""{0}"".","Il nome non può contenere il carattere ""{0}"".","ชื่อต้องไม่มีอักขระ ""{0}""","İsimde ""{0}“ sembolü olamaz.","Namnet får inte innehålla tecknet ""{0}""."
MainMenu.Editor.CharacterPopup.CharacterNameReserved,"""{0}"" is a reserved name and cannot be used.",“{0}”是系统保留关键词，不能作为角色名。,“{0}”是系統保留關鍵詞，不能作爲角色名。,„{0}“ ist ein reservierter Name und kann nicht verwendet werden.,"""{0}"" es un nombre reservado y no se puede utilizar.","""{0}"" est un nom réservé et ne peut pas être utilisé.","""{0}"" egy lefoglalt név, és nem használható.",「{0}」は予約済みキーワードのため使用できません,"""{0}""은(는) 사용 중인 이름이므로 사용할 수 없습니다.","«{0}» — зарезервированное имя, и его нельзя использовать.","O nome ""{0}"" é reservado e não pode ser usado.","""{0}"" є зарезервованою назвою, і її не можна використовувати.","""{0}"" è un nome riservato e non può essere utilizzato.","""{0}"" เป็นชื่อที่สงวนไว้และไม่สามารถใช้งานได้","""{0}“ ismi rezerve bir isimdir ve kullanılamaz.","""{0}"" är ett reserverat namn och kan inte användas."
MainMenu.Editor.CharacterPopup.CharacterNameEndWithDot,Name cannot end with a dot.,角色名不能以点结尾。,角色名不能以點結尾。,Der Name darf nicht mit einem Punkt enden.,El nombre no puede terminar con un punto.,Le nom ne peut pas se terminer par un point.,A név nem végződhet ponttal.,名前をドットで終えることはできません,이름은 마침표(.)로 끝날 수 없습니다.,Имя не может заканчиваться точкой.,O nome não pode terminar com um ponto.,Назва не може закінчуватися крапкою.,Il nome non può terminare con un punto.,ชื่อต้องไม่ลงท้ายด้วยจุด,İsim nokta ile bitemez.,Namnet kan inte sluta med en punkt.
MainMenu.Editor.CharacterPopup.CharacterNameOnlySpaces,Name cannot contain only spaces.,角色名不能只包含空格。,角色名不能只包含空格。,Der Name darf nicht nur Leerzeichen enthalten.,El nombre no puede contener solo espacios.,Le nom ne peut pas contenir uniquement des espaces.,A név nem tartalmazhat csak szóközt.,名前を空白のみにはできません,이름을 공백으로만 설정할 수 없습니다.,Имя не может содержать только пробелы.,O nome não pode conter apenas espaços.,Назва не може містити лише пробіли.,Il nome non può contenere solo spazi.,ชื่อต้องไม่ประกอบด้วยช่องว่างเพียงอย่างเดียว,İsim sadece boşluktan oluşamaz.,Namn får inte bara innehålla mellanslag.
MainMenu.Editor.UnloadCurrentModel,Unload Current Model,关闭当前模型,關閉當前模型,Aktuelles Modell entladen,Dejar de usar modelo actual,Décharger le modèle actuel,Töltse ki az aktuális modellt,モデルの読み込みを解除,현재 모델 닫기,Выгрузить текущую модель,Descarregar modelo atual,Вивантажити поточну модель,Scarica il modello corrente,Unload โมเดลปัจจุบัน,Ekrandaki modeli kaldır,Lossa aktuell modell
MainMenu.Settings.GeneralSettings,General Settings,一般设置,一般設定,Allgemeine Einstellungen,Configuraciones generales,Paramètres généraux,Általános beállítások,一般設定,일반 설정,Общие настройки,Configurações gerais,Загальні налаштування,Impostazioni generali,การตั้งค่าทั่วไป,Genel Ayarlar,Allmänna inställningar
MainMenu.Settings.GeneralSettings.Language,Language,语言,語言,Sprache,Idioma,Langue,Nyelv,言語,언어,Язык,Língua,Мова,Lingua,ภาษา,Dil,Språk
MainMenu.Settings.ViewportSettings,Viewport Settings,视窗设置,視窗設定,Vorschau-Einstellungen,Configuración de la ventana gráfica,Paramètres de la fenêtre,Nézetablak beállításai,ビューポート設定,작업 화면 설정,Настройки видового экрана,Configurações de visualização,Налаштування вікна перегляду,Impostazioni della vista,การตั้งค่า Viewport,Model Alanı Tuş Ayarları,Viewport-inställningar
MainMenu.Settings.ViewportSettings.ViewportZoomSpeed,Zoom Speed,模型缩放速度,模型縮放速度,Zoomgeschw.,Velocidad de zoom,Vitesse de zoom,Zoom Speed,ズーム速度,확대/축소 속도,Скорость масштабирования,Velocidade do Zoom,Швидкість масштабування,Velocità dello zoom,ความเร็วในการ Zoom,Yakınlaştırma Hızı,Zoomhastighet
MainMenu.Settings.ViewportSettings.ViewportRotationSpeed,Rotation Speed,模型旋转速度,模型旋轉速度,Rotationsgeschw.,Velocidad de rotación,Vitesse de rotation,Forgási sebesség,回転速度,회전 속도,Скорость вращения,Velocidade de rotação,Швидкість обертання,Velocità di rotazione,ความเร็ว Rotation,Döndürme Hızı,Rotationshastighet
MainMenu.Settings.ViewportSettings.ModelScale,Model Scale,模型尺寸,模型尺寸,Modellmaßstab,Escala del model,Échelle du modèle,Modell skála,モデルスケール,모델 크기,Масштаб модели,Escala do modelo,Масштаб моделі,Scala del modello,Model Scale,Modele Odakla,Modellskala
MainMenu.Settings.ViewportSettings.ModelOffsetHorizontal,Offset Horizontal,位置水平偏移,位置水平偏移,Horizontaler Versatz,Desplazamiento horizontal,Décalage horizontal,Eltolás Vízszintes,水平オフセット,수평 오프셋,Смещение по горизонтали,Deslocamento horizontal,Зміщення по горизонталі,Scostamento orizzontale,Offset แนวนอน,Yatay Ofset,Offset horisontell
MainMenu.Settings.ViewportSettings.ModelOffsetVertical,Offset Vertical,位置垂直偏移,位置垂直偏移,Vertikaler Versatz,Desplazamiento vertical,Décalage vertical,Függőleges eltolás,垂直オフセット,수직 오프셋,Смещение по вертикали,Deslocamento vertical,Зміщення по вертикалі,Offset verticale,Offset แนวตั้ง,Dikey Ofset,Offset Vertikal
MainMenu.Settings.ViewportSettings.ResetViewportSettings,Reset Viewport Settings,重置视窗设置,重置視窗設定,Vorschau-Einstellungen zurücksetzen,Restablecer la configuración de la ventana gráfica,Réinitialiser les paramètres de la fenêtre,Állítsa vissza a nézetablak beállításokat,ビューポート設定をリセット,작업 화면 설정 초기화,Сбросить настройки видового экрана,Resetar opções de visualização,Скинути налаштування вікна перегляду,Ripristina le impostazioni della vista,รีเซ็ตการตั้งค่า Viewport,Model Alanı Tuş Ayarlarını Sıfırla,Återställ Viewport Settings
MainMenu.Settings.ExportSettings,Animation Export Settings,动画输出设置,動畫匯出設定,Animationsexport-Einstellungen,Configuración de exportación de animación,Paramètres d'exportation d'animations,Animáció exportálási beállításai,アニメーション書き出し設定,애니메이션 저장 설정,Настройки экспорта анимации,Opções de exportação de animação,Параметри експорту анімації,Impostazioni di esportazione dell'animazione,การตั้งค่า Animation Export,Animasyon Dışarı Aktarma Ayarları,Animation Export Settings
MainMenu.Settings.ExportSettings.SaveLocation,Save Location,保存位置,儲存位置,Speicherort,Ubicación de guardado,Enregistrer l'emplacement,Hely mentése,保存先,저장 경로,Сохранить местоположение,Local de salvamento,Зберегти місцезнаходження,Salva posizione,ตำแหน่งการบันทึก,Kayıt Lokasyonu,Spara plats
MainMenu.Settings.ExportSettings.ExportPresets,Export Presets,输出预置,匯出預設,Voreinstellungen,Exportar ajustes preestablecidos,Exporter les préréglages,Előbeállítások exportálása,書き出しプリセット,프리셋 내보내기,Экспорт пресетов,Exportar predefinições,Експорт пресетів,Esporta preimpostazioni,Export Presets,Dışa Aktarım Ön Ayarları,Exportera förinställningar
MainMenu.Settings.ExportSettings.Encoder,Encoder,编码器,編碼器,Encoder,Codificador,Encodeur,Kódoló,エンコーダー,인코더,Кодер,Codificador,Кодувальник,Codificatore,Encoder,Encoder,Encoder
MainMenu.Settings.ExportSettings.Width,Width,宽度,寬度,Breite,Ancho,Largeur,Szélesség,幅,너비,Ширина,Largura,Ширина,Larghezza,ความกว้าง,Genişlik,Bredd
MainMenu.Settings.ExportSettings.Height,Height,高度,高度,Höhe,Altura,Hauteur,Magasság,高さ,높이,Высота,Altura,Висота,Altezza,ความสูง,Yükseklik,Höjd
MainMenu.Settings.ExportSettings.FPS,FPS,帧率,幀率,FPS,FPS,FPS,FPS,FPS,FPS,ФПС,FPS,FPS,FPS,FPS,FPS,FPS
MainMenu.Settings.ExportSettings.LimitMaxFrameCount,Limit Max. Frame Count,限制最大帧数,限制最大幀數,Max. Frame-Anzahl begrenzen,Límite máximo de conteo de fotogramas,Limite Max. Nombre d'images,Limit Max. Képkockaszám,最大フレーム数を制限,최대 프레임 수 제한,Ограничение Макс. Количество кадров,Limite máximo. Quantidade de Quadros,Обмеження Макс. Кількість кадрів,Limite massimo Conteggio fotogrammi,จำกัดจำนวนเฟรมสูงสุด,Maks. Kare Hızını Limitle,Begränsning Max. Antal ramar
MainMenu.Settings.ExportSettings.MaxFrameCount,Max. Frame Count,最大帧数,最大幀數,Max. Frame-Anzahl,Conteo máximo de fotogramas,Max. Nombre d'images,Max. Képkockaszám,最大フレーム数,최대 프레임 수,Макс. Количество кадров,Máximo. Quantidade de Quadros,Макс. Кількість кадрів,Massimo. Conteggio fotogrammi,จำนวนเฟรมสูงสุด,Maks. Kare Hızı,Max. Antal ramar
MainMenu.Settings.ExportSettings.AlphaThreshold,Alpha Threshold,透明阈值,透明閾值,Alpha-Schwelle,Umbral alfa,Seuil alpha,Alfa-küszöb,アルファしきい値,투명도 임계값,Альфа-порог,Limiar alpha,Альфа-поріг,Soglia alfa,Alpha Threshold,Başlangıç Değeri,Alfatröskel
MainMenu.Settings.ExportSettings.EnableDithering,Enable Dithering,使用颜色抖动,使用顏色抖動,Dithering aktivieren,Habilitar tramado,Activer le tramage,Dithering engedélyezése,ディザリングを有効化,디더링 활성화,Включить сглаживание,Ativar Suavização de Cores,Увімкнути дизерінг,Abilita dithering,เปิดใช้งาน Dithering,Titremeye İzin Ver,Aktivera dithering
MainMenu.Settings.ExportSettings.ResetExportSettings,Reset Export Settings,重置输出设置,重置匯出設定,Exporteinstellungen zurücksetzen,Restablecer configuración de exportación,Réinitialiser les paramètres d'exportation,Állítsa vissza az exportálási beállításokat,書き出し設定をリセット,저장 설정 초기화,Сбросить настройки экспорта,Resetar Opções de Exportação,Скинути налаштування експорту,Ripristina le impostazioni di esportazione,รีเซ็ตการตั้งค่า Export,Dışarı Aktarma Ayarlarını Sıfırla,Återställ exportinställningar
MainMenu.Editor.Export,Export Emote,导出动画,匯出動畫,Emote exportieren,Exportar emote,Exporter une émoticône,Export Emote,エモートを書き出し,이모트 내보내기,Экспортировать эмоцию,Exportar Emote,Експорт Emote,Esporta emoticon,Export Emote,Emoji Dışa Aktar,Exportera Emote
LicensePopup.ThirdPartyLicense.Notice,License provided by the model creator. Displayed for reference only and does not represent the EmoteLab developer’s views or legal position. ,许可信息由模型作者提供。仅作展示，不代表 EmoteLab 开发者立场。,許可資訊由模型作者提供。僅作展示，不代表 EmoteLab 開發者立場。,Lizenz vom Modellersteller bereitgestellt. Wird nur als Referenz angezeigt und gibt nicht die Ansichten oder Rechtsposition des EmoteLab-Entwicklers wieder.,Licencia proporcionada por el creador del modelo. Se muestra solo como referencia y no representa las opiniones ni la posición legal del desarrollador de EmoteLab.,Licence fournie par le créateur du modèle. Affiché à titre de référence uniquement et ne représente pas les opinions ou la position juridique du développeur EmoteLab.,"A modell készítője által biztosított licenc. Csak referenciaként jelenik meg, és nem képviseli az EmoteLab fejlesztő nézeteit vagy jogi álláspontját.",ライセンスはモデル制作者が提供したものです。参考情報として表示されており、EmoteLab開発者の見解や法的立場を示すものではありません。,모델 제작자가 제공하는 라이선스입니다. 참고용으로만 표시되며 EmoteLab 개발자의 견해나 법적 입장을 나타내지 않습니다.,Лицензия предоставлена ​​создателем модели. Отображается только для справки и не отражает точку зрения или правовую позицию разработчика EmoteLab.,Licença provida pelo criador do modelo. Apresentada apenas para referência e não representa as ideias ou posicionamento legal dos desenvolvedores do Emotelab.,Ліцензія надана розробником моделі. Відображається лише для довідки та не відображає поглядів або правової позиції розробника EmoteLab.,Licenza fornita dal creatore del modello. Visualizzato solo come riferimento e non rappresenta le opinioni o la posizione legale dello sviluppatore EmoteLab.,ลิขสิทธิ์ได้รับจากผู้สร้างโมเดล แสดงไว้เพื่อเป็นข้อมูลอ้างอิงเท่านั้น และไม่ได้แสดงถึงความคิดเห็นหรือจุดยืนทางกฎหมายของผู้พัฒนา EmoteLab,"Lisans, modelin yaratıcısı tarafından sağlanmıştır. Yalnızca referans amacıyla gösterilmiştir ve EmoteLab geliştiricisinin görüşlerini veya yasal konumunu temsil etmemektedir.",Licens tillhandahållen av modellskaparen. Visas endast som referens och representerar inte EmoteLab-utvecklarens åsikter eller rättsliga ställning.
LicensePopup.ThirdPartyLicense.NotFound,"The creator of this third-party model has not provided a license or usage terms with the model. Before using this model in public, commercial, or professional contexts, you should confirm the permitted scope of use directly with the model's creator.",该第三方模型的作者未随模型提供许可协议或使用说明。在将该模型用于公开、商业或专业场景前，建议您自行与模型作者确认其允许的使用范围。,該第三方模型的作者未隨模型提供許可協議或使用說明。在將該模型用於公開、商業或專業場景前，建議您自行與模型作者確認其允許的使用範圍。,Lizenz nicht gefunden. Bestätige die erlaubte Nutzung mit dem Ersteller.,Licencia no encontrada. Confirmar el uso permitido con el creador.,Licence introuvable. Confirmez l'utilisation autorisée auprès du créateur.,Az engedély nem található. Az engedélyezett felhasználás megerősítése az alkotóval.,ライセンスが見つかりません。使用許可は制作者に確認してください。,라이선스를 찾을 수 없습니다. 제작자에게 허용된 사용 범위를 확인하세요.,Лицензия не найдена. Подтвердите разрешенное использование у создателя.,Licença não encontrada. Confirme com o criador se o uso é permitido.,"Творець цієї сторонньої моделі не надав ліцензію чи умови використання разом із моделлю. Перш ніж використовувати цю модель у публічному, комерційному чи професійному контексті, ви повинні підтвердити дозволену сферу використання безпосередньо у творця моделі.",Licenza non trovata. Conferma l'uso consentito con il creatore.,ไม่พบใบอนุญาตการใช่งาน โปรดยืนยันการใช้งานที่ได้รับอนุญาตกับผู้สร้าง,Lisans bulunamadı. Lütfen kullanım iznini yapımcıyla teyit edin.,"Skaparen av den här tredjepartsmodellen har inte tillhandahållit en licens eller användningsvillkor med modellen. Innan du använder den här modellen i offentliga, kommersiella eller professionella sammanhang bör du bekräfta den tillåtna användningsomfånget direkt med modellens skapare."
LicensePopup.Close,Close,关闭,關閉,Schließen,Cerrar,Fermer,Közeli,閉じる,닫기,Закрывать,Fechar,Закрити,Vicino,ปิด,Kapat,Nära
MainMenu.Editor.OpenExportFolder,Open Export Folder,打开输出文件夹,開啟匯出資料夾,Exportordner öffnen,Abrir carpeta de exportación,Ouvrir le dossier d'exportation,Nyissa meg az Exportálás mappát,書き出しフォルダを開く,저장 폴더 열기,Открыть папку экспорта,Abre Pasta de Exportação,Відкрийте папку експорту,Apri la cartella di esportazione,เปิดโฟลเดอร์ Export,Dışa Aktarılan Dosyayı Göster,Öppna Exportmapp
MainMenu.Settings.ModelSettings.LoadSampleCharacters,Load Sample Characters for Built-in Models,加载内置模型角色示例,載入內建模型角色示例,Beispiel-Charaktere für integrierte Modelle laden,Cargar modelos de prueba para modelos integrados,Charger des exemples de caractères pour les modèles intégrés,Töltsön be mintakaraktereket a beépített modellekhez,組み込みモデルのサンプルキャラクターを読み込む,기본 제공 모델의 샘플 캐릭터 불러오기,Загрузка образцов символов для встроенных моделей,Carregar Personagens de Exemplo para Modelos Pré-criados,Завантажте зразки символів для вбудованих моделей,Carica caratteri di esempio per i modelli incorporati,โหลดตัวละครตัวอย่าง,Gömülü Modeller için Örnek Karakterler Yükle,Ladda provtecken för inbyggda modeller
MainMenu.Settings.ModelSettings,Model Settings,模型设置,模型設定,Modelleinstellungen,Configuración del modelo,Paramètres du modèle,Modell beállításai,モデル設定,모델 설정,Настройки модели,Configurações de Modelo,Параметри моделі,Impostazioni del modello,การตั้งค่าโมเดล,Model Ayarları,Modellinställningar
MainMenu.Editor.CharacterPopup.SavingCharacter,Saving Character Data...,保存角色数据,儲存角色資料,Charakterdaten werden gespeichert...,Guardando datos de personaje…,Enregistrement des données de personnage...,Karakteradatok mentése...,キャラクターデータを保存中…,캐릭터 데이터를 저장하는 중...,Сохранение данных персонажа...,Salvando Dados do Personagem...,Збереження даних символів...,Salvataggio dei dati del personaggio...,กำลังบันทึกข้อมูลตัวละคร...,Karakter Verileri Kaydediliyor...,Sparar teckendata...
MainMenu.Editor.CharacterPopup.LoadingCharacter,Loading Character...,加载角色,載入角色,Charakter wird geladen...,Cargando personaje...,Chargement du personnage...,Karakter betöltése...,キャラクターを読み込み中…,캐릭터 불러오는 중...,Загрузка персонажа...,Carregando Personagem...,Завантаження символу...,Caricamento carattere...,กำลังโหลดตัวละคร...,Karakter Yükleniyor...,Laddar tecken...
MainMenu.Info.ThirdPartyLicense,Third Party Licenses,第三方授权许可,第三方授權許可,Lizenzen Dritter,Licencias de terceros,Licences tierces,Harmadik fél licencei,外部ライセンス,제3자 라이선스,Лицензии третьих лиц,Licença de Terceiros,Ліцензії третіх осіб,Licenze di terze parti,ใบอนุญาติของบุคคลที่สาม,Üçüncü Parti Lisansları,Tredjepartslicenser
MainMenu.Info.EmoteLabEULA,End User License Agreement (EULA),最终用户许可协议（EULA）,終端使用者許可協議（EULA）,Endbenutzer-Lizenzvereinbarung (EULA),Acuerdo de licencia de usuario final (EULA),Contrat de licence utilisateur final (CLUF),Végfelhasználói licencszerződés (EULA),エンドユーザーライセンス契約（EULA）,최종 사용자 라이선스 계약(EULA),Лицензионное соглашение с конечным пользователем (EULA),Contrato de Licença de Usuário Final (EULA),Ліцензійна угода кінцевого користувача (EULA),Contratto di licenza con l'utente finale (EULA),ข้อตกลงใบอนุญาตผู้ใช้ปลายทาง (EULA),Son Kullanıcı Lisans Anlaşması (EULA),Slutanvändarlicensavtal (EULA)
MainMenu.Info.Documentation,Documentation,帮助文档,幫助文件,Dokumentation,Documentación,Documentation,Dokumentáció,ドキュメント,사용 설명서,Документация,Documentação,Документація,Documentazione,เอกสารประกอบ (Documentation),Dokümantasyon,Dokumentation
MainMenu.Info.Discord,Join Our Discord,加入我们的Discord,加入我們的Discord,Tritt unserem Discord bei,Únete a nuestro Discord,Rejoignez notre Discord,Csatlakozz Discordunkhoz,Discordに参加,디스코드 참여하기,Присоединяйтесь к нашему дискорду,Entre no Nosso Discord,Приєднуйтесь до нашого Discord,Unisciti alla nostra discordia,เข้าร่วม Discord ของเรา,Discord'umuza Katıl,Gå med i vår discord
MainMenu.Settings.ExportSettings.PresetsInfo,"This preset sets the correct format and dimensions. Very long animations may exceed platform file size limits, and some platforms restrict certain content.",此预设会设置正确的格式和尺寸。过长的动画可能会超出平台文件大小限制，某些内容可能不被特定平台允许。,此預設會設定正確的格式和尺寸。過長的動畫可能會超出平臺檔案大小限制，某些內容可能不被特定平臺允許。,Diese Voreinstellung legt das richtige Format und die richtigen Abmessungen fest. Sehr lange Animationen können die Dateigrößenbeschränkungen der Plattform überschreiten und einige Plattformen schränken bestimmte Inhalte ein.,Este ajuste preestablecido establece el formato y las dimensiones correctos. Las animaciones muy largas pueden exceder los límites de tamaño o de archivo de la plataforma y algunas plataformas restringen cierto contenido.,"Ce préréglage définit le format et les dimensions corrects. Les animations très longues peuvent dépasser les limites de taille de fichier de la plateforme, et certaines plateformes restreignent certains contenus.","Ez az előbeállítás beállítja a megfelelő formátumot és méreteket. A nagyon hosszú animációk meghaladhatják a platform fájlméret-korlátait, és egyes platformok korlátoznak bizonyos tartalmakat.",このプリセットは適切な形式とサイズを設定します。非常に長いアニメーションはプラットフォームのファイルサイズ制限を超える場合があります。また、一部のプラットフォームでは特定のコンテンツが制限される場合があります。,"이 프리셋은 올바른 포맷과 크기를 자동으로 설정합니다. 단, 애니메이션이 너무 길면 플랫폼의 파일 용량 제한을 초과할 수 있으며, 일부 플랫폼에서는 특정 콘텐츠의 사용을 제한할 수 있습니다.","Этот пресет устанавливает правильный формат и размеры. Очень длинные анимации могут превышать ограничения размера файла платформы, а некоторые платформы ограничивают определенный контент.","Essa predefinição aplica as formas e dimensões corretas. Animações muito longas podem exceder o limite de arquivos da plataforma, e certas plataformas restringem certos conteúdos.","Цей стиль встановлює правильний формат і розміри. Дуже довгі анімації можуть перевищувати обмеження розміру файлу платформи, а деякі платформи обмежують певний вміст.",Questa preimpostazione imposta il formato e le dimensioni corretti. Le animazioni molto lunghe potrebbero superare i limiti di dimensione dei file della piattaforma e alcune piattaforme limitano determinati contenuti.,การตั้งค่าของ Preset จะกำหนดรูปแบบและขนาดที่ถูกต้อง แอนิเมชันที่มีความยาวมากอาจเกินขีดจำกัดขนาดไฟล์ของแพลตฟอร์ม และบางแพลตฟอร์มอาจจำกัดเนื้อหาบางประเภท,Bu ön ayar doğru formatı ve boyutları doğru ayarlar. Çok uzun animasyonlar platformların boyut limitini aşabilir. Aynı zamanda bazı platformlar belli başlı içeriklere izin vermiyor olabilir.,"Denna förinställning ställer in rätt format och mått. Mycket långa animationer kan överskrida gränserna för plattformens filstorlek, och vissa plattformar begränsar visst innehåll."
MainMenu.Settings.ModelSettings.OpenLocalModelFolder,Open Local Model Folder,打开本地模型文件夹,開啟本地模型資料夾,Lokalen Modellordner öffnen,Abrir carpeta de modelo local,Ouvrir le dossier de modèle local,Nyissa meg a Helyi Modell mappát,ローカルモデルフォルダを開く,로컬 모델 폴더 열기,Открыть локальную папку модели,Abrir Pasta Local do Modelo,Відкрийте локальну папку моделі,Apri la cartella del modello locale,เปิดโฟลเดอร์โมเดลในเครื่อง,Yerel Model Dosyasını Aç,Öppna lokal modellmapp
MainMenu.Settings.ModelSettings.OpenCharacterFolder,Open Character Folder,打开角色文件夹,開啟角色資料夾,Charakterordner öffnen,Abrir carpeta de personajes,Ouvrir le dossier des personnages,Nyissa meg a Karakter mappát,キャラクターフォルダを開く,캐릭터 폴더 열기,Открыть папку персонажей,Abrir Pasta de Personagens,Відкрийте папку Character,Apri la cartella dei caratteri,เปิดโฟลเดอร์ตัวละคร,Karakter Dosyasını Aç,Öppna teckenmappen
MainMenu.Info.Log,Open Log Folder,打开程序运行日志,開啟程式執行日誌,Protokollordner öffnen,Abrir carpeta de registro,Ouvrir le dossier de journal,Nyissa meg a Napló mappát,ログフォルダを開く,로그 폴더 열기,Открыть папку журнала,Abrir Pasta Logs,Відкрити папку журналу,Apri la cartella registro,เปิดโฟลเดอร์ Log,Sistem Günlüğü Dosyasını Aç,Öppna Loggmapp
MainMenu.Settings.ExportSettings.UsingGlobalColorTable,Using Global Color Table,使用全局颜色表,使用全域顏色表,Verwendung der globalen Farbtabelle,Usando tabla de colores globales,Utilisation de la table de couleurs globale,Globális színtábla használata,グローバルカラーテーブルを使用,전역 색상표 사용,Использование глобальной таблицы цветов,Usar Tabela Global de Cores,Використання глобальної таблиці кольорів,Utilizzo della tabella dei colori globale,การใช้ตารางสีสากล,Küresel Renk Tablosunu Kullanarak,Använder Global Color Table
MainMenu.Editor.ExportStatic,Export Static Image,导出静态图片,匯出靜態圖片,Statisches Bild exportieren,Exportar imagen estática,Exporter une image statique,Statikus kép exportálása,静止画像を書き出し,이미지 내보내기,Экспорт статического изображения,Exportar Imagem Estática,Експорт статичного зображення,Esporta immagine statica,Export ภาพนิ่ง,Düz Resim Dışarı Aktar,Exportera statisk bild
MainMenu.Editor.Player.Speed,Speed,播放速度,播放速度,Geschwindigkeit,Velocidad,Vitesse,Sebesség,速度,속도,Скорость,Velocidade,швидкість,Velocità,ความเร็ว,Hız,Hastighet
MainMenu.Settings.StaticImageSettings,Static Image Settings,静态图片输出设置,靜態圖片匯出設定,Statische Bildeinstellungen,Configuración de imagen estática,Paramètres d'image statique,Statikus képbeállítások,静止画設定,이미지 설정,Настройки статического изображения,Opções de Imagem Estática,Параметри статичного зображення,Impostazioni dell'immagine statica,การตั้งค่าภาพนิ่ง,Düz Resim Ayarları,Statiska bildinställningar
MainMenu.Settings.StaticImageSettings.ResetStaticImageSettings,Reset Static Image Settings,重置静态图片输出设置,重置靜態圖片匯出設定,Statische Bildeinstellungen zurücksetzen,Restablecer configuración de imagen estática,Réinitialiser les paramètres d'image statique,Állítsa vissza a statikus képbeállításokat,静止画設定をリセット,이미지 설정 초기화,Сбросить настройки статического изображения,Resetar Opções de Imagem Estática,Скинути параметри статичного зображення,Ripristina le impostazioni dell'immagine statica,รีเซ็ตการตั้งค่าภาพนิ่ง,Düz Resim Ayarlarını sıfırla,Återställ inställningar för statisk bild
MainMenu.Settings.ExportSettings.SamplingRate,Sampling Rate,取样频率,取樣頻率,Abtastrate,Tasa de muestreo,Taux d'échantillonnage,Mintavételi sebesség,サンプリングレート,샘플링 속도,Частота выборки,Taxa de Amostragem,Частота дискретизації,Frequenza di campionamento,Sampling Rate,Örnekleme Oranı,Samplingsfrekvens
MainMenu.Editor.Texture.Step1Instr,This toggle allows you to switch between the internal and the custom texture,这个选项允许您在内置贴图和自定义贴图间切换。,這個選項允許您在內建貼圖和自訂貼圖間切換。,Mit diesem Schalter kannst du zwischen der internen und der benutzerdefinierten Textur wechseln,Este interruptor le permite cambiar entre la textura interna y la personalizada.,Cette bascule vous permet de basculer entre la texture interne et la texture personnalisée,Ezzel a kapcsolóval válthat a belső és az egyéni textúra között,この操作で初期テクスチャとカスタムテクスチャを切り替えられます,이 토글을 사용하여 기본 텍스처와 커스텀 텍스처 사이를 전환할 수 있습니다.,Этот переключатель позволяет переключаться между внутренней и пользовательской текстурой.,Essa opção permite você mudar entre texturas internas e customizadas,Цей перемикач дозволяє перемикатися між внутрішньою та спеціальною текстурою,Questo interruttore ti consente di passare dalla texture interna a quella personalizzata,Toggle นี้ช่วยให้คุณสลับระหว่าง Internal Texture และ Custom Texture ได้,"Bu ayar, uygulama içinde bulunan ve özel olarak eklenen dokular arasında geçiş yapmanızı sağlar",Denna växling låter dig växla mellan den interna och den anpassade texturen
MainMenu.Editor.Texture.Step2Instr,Edit the PNGs in the Custom Texture folder. Save with transparency and do not modify image size,编辑自定义贴图文件夹中的PNG图像，保留透明度保存且不要改变尺寸。,編輯自訂貼圖資料夾中的PNG影像，保留透明度儲存且不要改變尺寸。,Bearbeite die PNGs im Ordner „Custom Texture“. Speichere mit Transparenz und ändere die Bildgröße nicht,Edita los PNG en la carpeta Textura personalizada. Guarda con transparencia y no modifiques el tamaño de la imagen.,Modifiez les fichiers PNG dans le dossier Texture personnalisée. Enregistrez avec transparence et ne modifiez pas la taille de l'image,"Szerkessze a PNG-ket az Egyéni textúra mappában. Mentse átlátszósággal, és ne módosítsa a képméretet",Custom Textureフォルダ内のPNGを編集してください。透過状態で保存し、画像サイズは変更しないでください,Custom Texture 폴더에서 PNG를 편집합니다. 저장 시 투명도를 유지하고 이미지 크기를 변경하지 마세요.,Отредактируйте PNG в папке «Пользовательская текстура». Сохраняйте с прозрачностью и не изменяйте размер изображения.,Edite os PNGs na pasta de Texturas Customizadas. Salve com transparência e não modifique o tamanho da imagem ,Відредагуйте файли PNG у папці Custom Texture. Зберігайте з прозорістю та не змінюйте розмір зображення,Modifica i PNG nella cartella Texture personalizzata. Salva con trasparenza e non modifica le dimensioni dell'immagine,แก้ไขไฟล์ PNG ในโฟลเดอร์ Custom Texture และบันทึกโดยตั้งค่าความโปร่งใสไว้ โดยไม่แก้ไขขนาดของ PNG,PNG'leri Özel Doku dosyasında düzenleyin. Transparant olarak resmi kaydedin ve yüksekliğini/genişliğini değiştirmeyin,Redigera PNG:erna i mappen Custom Texture. Spara med genomskinlighet och ändra inte bildstorleken
MainMenu.Editor.Texture.Step3Instr,"After saving your edits, click this button to apply the chages to your model.",编辑完成后，点击此按钮应用修改。,編輯完成後，點選此按鈕應用修改。,"Nachdem du deine Änderungen gespeichert hast, klicke auf diesen Knopf, um die Änderungen auf dein Modell anzuwenden.","Después de guardar tus cambios, presiona este botón para aplicar los cambios a tu modelo.","Après avoir enregistré vos modifications, cliquez sur ce bouton pour appliquer les modifications à votre modèle.","A módosítások mentése után kattintson erre a gombra, hogy alkalmazza a módosításokat a modellen.",編集を保存した後、このボタンを押すとモデルに変更が適用されます,편집 내용을 저장한 후 이 버튼을 클릭하면 모델에 변경 사항이 적용됩니다.,"После сохранения изменений нажмите эту кнопку, чтобы применить изменения к вашей модели.","Após salvar suas alterações, clique nesse botão para aplicar as alterações no seu modelo.","Після збереження змін натисніть цю кнопку, щоб застосувати зміни до моделі.","Dopo aver salvato le modifiche, fai clic su questo pulsante per applicare le modifiche al tuo modello.",หลังจากบันทึกการแก้ไขแล้ว ให้คลิกปุ่มนี้เพื่อปรับเปลี่ยนโมเดลของคุณตามความเปลี่ยนแปลง,Düzenlemeniz bittikten sonra bu tuşa basıp değişikliklerin modele uygulanmasını sağlayın.,När du har sparat dina ändringar klickar du på den här knappen för att tillämpa ändringarna på din modell.
MainMenu.Editor.Texture.Step4Instr,Save your character. The save button is located below the character list on the left side of the interface.,保存您的角色。保存按钮在左侧角色列表下方。,儲存您的角色。儲存按鈕在左側角色列表下方。,"Speichere deinen Charakter. Der ""Speichern""-Knopf befindet sich unterhalb der Charakterliste auf der linken Seite der Oberfläche.",Guarda tu personaje. El botón para guardar se encuentra debajo de la lista de personajes en el lado izquierdo de la interfaz.,Enregistrez votre personnage. Le bouton Enregistrer est situé sous la liste des personnages sur le côté gauche de l'interface.,Mentsd meg a karaktered. A mentés gomb a karakterlista alatt található a felület bal oldalán.,キャラクターを保存してください。保存ボタンは画面左側のキャラクターリストの下にあります,캐릭터를 저장하세요. 저장 버튼은 인터페이스 왼쪽의 캐릭터 목록 아래에 있습니다.,Сохраните своего персонажа. Кнопка сохранения расположена под списком персонажей в левой части интерфейса.,Salve seu personagem. O botão de salvar está localizado abaixo da lista de personagens no canto esquerdo da interface.,Збережіть свого персонажа. Кнопка збереження розташована під списком символів у лівій частині інтерфейсу.,Salva il tuo personaggio. Il pulsante Salva si trova sotto l'elenco dei personaggi sul lato sinistro dell'interfaccia.,บันทึกตัวละครของคุณ โดยปุ่มบันทึกจะอยู่ด้านล่างรายชื่อตัวละครทางด้านซ้ายของหน้าจอ,"Karakterinizi kaydedin. Kaydetme tuşu arayüzün solunda, karakter listesinin altında bulunur.",Rädda din karaktär. Spara-knappen finns under teckenlistan på vänster sida av gränssnittet.
MainMenu.Editor.Texture.Recommend,Please read the Using Custom Textures manual before using this feature.,请在使用前完整阅读手册使用自定义贴图章节。,請在使用前完整閱讀手冊使用自訂貼圖章節。,"Bitte lies das Handbuch „Verwenden benutzerdefinierter Texturen“, bevor du diese Funktion verwendest.",Por favor lee el manual para usar texturas personalizadas antes de utilizar esta función.,Veuillez lire le manuel Utilisation de textures personnalisées avant d'utiliser cette fonctionnalité.,"Kérjük, olvassa el az Egyéni textúrák használata kézikönyvet a funkció használata előtt.",この機能を使用する前に「カスタムテクスチャの使用」マニュアルを確認してください,이 기능을 사용하기 전에 사용자 정의 텍스처 사용 매뉴얼을 읽어주세요.,Перед использованием этой функции прочтите руководство «Использование пользовательских текстур».,Por favor leia o manual de Customização de Texturas antes de usar essa opção.,"Перш ніж використовувати цю функцію, прочитайте посібник «Використання власних текстур».",Si prega di leggere il manuale Utilizzo di texture personalizzate prima di utilizzare questa funzione.,โปรดอ่านคู่มือการใช้งาน Custom Texture ก่อนใช้งาน feature นี้,Lütfen bu özelliği kullanmadan önce Özel Doku Kullanma rehberini okuyun.,Läs manualen Använda anpassade texturer innan du använder den här funktionen.
MainMenu.Editor.Texture.CustomTexture,Custom Texture,自定义贴图,自訂貼圖,Benutzerdefinierte Textur,Textura personalizada,Texture personnalisée,Egyedi textúra,カスタムテクスチャ,사용자 정의 텍스처,Пользовательская текстура,Texturas Customizadas,Спеціальна текстура,Trama personalizzata,Custom Texture,Özel Doku,Anpassad textur
MainMenu.Editor.Texture.Step1,Step 1,第一步,第一步,Schritt 1,Paso 1,Étape 1,1. lépés,ステップ1,1단계,Шаг 1,Etapa 1,Крок 1,Passaggio 1,ขั้นตอนที่ 1,Adım 1,Steg 1
MainMenu.Editor.Texture.Step2,Step 2,第二步,第二步,Schritt 2,Paso 2,Étape 2,2. lépés,ステップ2,2단계,Шаг 2,Etapa 2,Крок 2,Passaggio 2,ขั้นตอนที่ 2,Adım 2,Steg 2
MainMenu.Editor.Texture.Step3,Step 3,第三步,第三步,Schritt 3,Paso 3,Étape 3,3. lépés,ステップ3,3단계,Шаг 3,Etapa 3,Крок 3,Passaggio 3,ขั้นตอนที่ 3,Adım 3,Steg 3
MainMenu.Editor.Texture.Step4,Step 4,第四步,第四步,Schritt 4,Paso 4,Étape 4,4. lépés,ステップ4,4단계,Шаг 4,Etapa 4,Крок 4,Passaggio 4,ขั้นตอนที่ 4,Adım 4,Steg 4
MainMenu.Editor.Texture.AlphaBleed,Fix Selected Outline,修复选中图集部件边缘,修復選中圖集部件邊緣,Ausgewählte Kontur korrigieren,Corregir el contorno seleccionado,Corriger le contour sélectionné,Javítsa ki a kiválasztott körvonalat,選択した輪郭を修正,선택한 외곽선 수정,Исправить выбранный контур,Corrigir Outline Selecionada,Виправити вибраний контур,Correggi il contorno selezionato,แก้ไขเส้นร่างที่เลือก,Seçili Atlasları Güncelle,Fixa vald kontur
MainMenu.Editor.Texture.ResetAtlas,Reset Selected Atlas,重置选中图集,重置選中圖集,Ausgewählten Atlas zurücksetzen,Corregir el atlas seleccionado,Réinitialiser l'Atlas sélectionné,Állítsa vissza a kiválasztott atlaszt,選択したアトラスをリセット,선택한 이미지 시트 초기화,Сбросить выбранный атлас,Resetar Atlas Selecionada,Скинути вибраний атлас,Reimposta l'atlante selezionato,รีเซ็ต Atlas ที่เลือก,Seçili Atlasları Sıfırla,Återställ vald atlas
MainMenu.Editor.Texture.TextureUtility,Texture Utility,贴图工具,貼圖工具,Textur-Werkzeug,Utilidad de texturas,Utilitaire de textures,Texture Utility,テクスチャツール,텍스처 도구,Утилита текстур,Utilitários de Textura,Утиліта текстур,Utilità delle texture,Texture Utility,Doku Hizmetleri,Texture Utility
MainMenu.Editor.Texture.SelectAll,Select All,全选,全選,Alle auswählen,Seleccionar todo,Sélectionner tout,Válassza az Összes lehetőséget,すべて選択,전체 선택,Выбрать все,Selecionar Todos,Виберіть усі,Seleziona tutto,เลือกทั้งหมด,Hepsini seç,Välj Alla
MainMenu.Editor.Texture.ToggleSelection,Toggle Selection,反选,反選,Auswahl umschalten,Alternar selección ,Basculer la sélection,Kiválasztás váltása,選択を切り替え,선택 전환,Переключить выбор,Ativar Seleção,Перемкнути вибір,Attiva/Disattiva selezione,การเลือก Toggle,Tersini Seç,Växla val
MainMenu.Editor.Texture.AtlasList,Atlas List,图集列表,圖集列表,Atlas-Liste,Lista de atlas,Liste de l'Atlas,Atlasz lista,アトラス一覧,이미지 시트 목록,Список Атласов,Lista de Atlas,Список атласу,Elenco dell'Atlante,รายการ Atlas,Atlas Listesi,Atlas lista
MainMenu.Editor.Texture.ResetWarning,This will reset the selected atlas pages to the built-in versions. Any unsaved edits will be lost and cannot be recovered. Continue?,此操作将把所选图集页面重置为内置版本。未保存的修改将丢失且无法恢复。是否继续？,此操作將把所選圖集頁面重置為內建版本。未儲存的修改將會遺失且無法恢復。是否繼續？,Dadurch werden die ausgewählten Atlasseiten auf die integrierten Versionen zurückgesetzt. Alle nicht gespeicherten Änderungen gehen verloren und können nicht wiederhergestellt werden. Weitermachen?,Esto restablecerá las páginas del atlas seleccionadas a las versiones integradas. Cualquier edición no guardada se perderá y no se podrá recuperar. ¿Continuar?,Cela réinitialisera les pages de l'atlas sélectionnées aux versions intégrées. Toutes les modifications non enregistrées seront perdues et ne pourront pas être récupérées. Continuer?,"Ezzel visszaállítja a kiválasztott atlaszoldalakat a beépített verziókra. A nem mentett szerkesztések elvesznek, és nem állíthatók vissza. Folytatja?",選択したアトラスページを初期状態にリセットします。未保存の編集は失われ、復元できません。続行しますか？,선택한 이미지 시트 페이지를 기본(내장) 버전으로 초기화합니다. 저장하지 않은 편집 내용은 사라지며 복구할 수 없습니다. 계속하시겠습니까?,При этом выбранные страницы атласа будут сброшены до встроенных версий. Любые несохраненные изменения будут потеряны и не подлежат восстановлению. Продолжать?,Isso irá resetar as páginas do atlas selecionadas para as versões pré-criadas. Qualquer alteração não salva será perdida e não poderá ser recuperada. Continuar?,Це скине вибрані сторінки атласу до вбудованих версій. Будь-які незбережені зміни буде втрачено та не можна буде відновити. Продовжити?,Ciò ripristinerà le pagine dell'atlante selezionate alle versioni integrate. Eventuali modifiche non salvate andranno perse e non potranno essere recuperate. Continuare?,การดำเนินการนี้จะรีเซ็ตหน้า Atlas ที่เลือกกลับไปเป็นเวอร์ชันเริ่มต้น การแก้ไขที่ยังไม่ได้บันทึกจะสูญหายและไม่สามารถกู้คืนได้ ต้องการดำเนินการต่อหรือไม่?,Değiştirilen Atlas'ları gömülü versiyonlardaki hallerine geri getirecek. Kaydedilmeyen düzenlemeler kaybolacak ve geri getirilemeyecektir. Devam edilsin mi?,Detta kommer att återställa de valda atlassidorna till de inbyggda versionerna. Alla osparade redigeringar går förlorade och kan inte återställas. Fortsätta?
MainMenu.Settings.ExportSettings.PaletteAlgorithm,Palette Algorithm,色板算法,調色盤演算法,Palettenalgorithmus,Algoritmo de paleta,Algorithme de palette,Paletta algoritmus,パレットアルゴリズム,색상 추출,Алгоритм палитры,Algoritmo de Paleta,Алгоритм палітри,Algoritmo della tavolozza,Palette Algorithm,Palet Algoritması,Palettalgoritm
MainMenu.Editor.Texture.AlphaBleedWarning,This will overwrite the selected texture files and cannot be undone. Continue?,操作会修改并覆盖选中的 PNG 图集文件以修复白边。此操作无法撤销，是否继续？,操作會修改並覆蓋選中的 PNG 圖集檔案以修復白邊。此操作無法撤銷，是否繼續？,Dadurch werden die ausgewählten Texturdateien überschrieben und können nicht rückgängig gemacht werden. Fortfahren?,Esto sobrescribirá los archivos de textura seleccionados y no se podrá deshacer. ¿Continuar?,Cela écrasera les fichiers de texture sélectionnés et ne pourra pas être annulé. Continuer?,"Ez felülírja a kiválasztott textúrafájlokat, és nem vonható vissza. Folytatja?",これにより、選択したテクスチャ ファイルが上書きされ、元に戻すことはできません。続く？,"선택한 텍스처 파일을 덮어쓰며, 이 작업은 되돌릴 수 없습니다. 계속하시겠습니까?",Это приведет к перезаписи выбранных файлов текстур и не может быть отменено. Продолжать?,Isso irá sobrescrever os arquivos de textura e não poderá ser desfeito. Continuar?,"Це перезапише вибрані файли текстури, і цю дію неможливо скасувати. Продовжити?",Ciò sovrascriverà i file di texture selezionati e non può essere annullato. Continuare?,การดำเนินการนี้จะเขียนทับไฟล์ Texture ที่เลือกไว้ โดยไม่สามารถย้อนกลับมาแก้ไขได้ ต้องการดำเนินการต่อหรือไม่?,Doku dosyalarının üstüne dosyalardaki dokular yazılacak. Devam edilsin mi?,Detta kommer att skriva över de valda texturfilerna och kan inte ångras. Fortsätta?
MainMenu.TranslationInfo.Message,"Some languages are translated by our community or assisted by machine translation, so quality may vary.

You can change the language in Settings.

See our <link=""https://github.com/GlycoProduction/EmoteLab-localization/graphs/contributors"">community contributors on GitHub</link>.

Want to contribute? Join us on <link=""https://discord.gg/Xt8dAV8YF7"">Discord</link>.","部分语言由我们的社区翻译或由机器翻译协助完成，因此质量可能有所不同。

您可在设置中更改语言。

请在<link=""https://github.com/GlycoProduction/EmoteLab-localization/graphs/contributors"">GitHub</link>上查看我们的社区贡献者。

想要参与？欢迎通过<link=""https://discord.gg/Xt8dAV8YF7"">Discord</link>加入我们。","部分語言由社群翻譯或由機器翻譯協助完成，因此品質可能有所不同。

您可在設定中變更語言。

請在<link=""https://github.com/GlycoProduction/EmoteLab-localization/graphs/contributors"">GitHub</link>上查看我們的社群貢獻者。

想要參與？歡迎透過<link=""https://discord.gg/Xt8dAV8YF7"">Discord</link>加入我們。","Einige Sprachen werden von unserer Community übersetzt oder durch maschinelle Übersetzung unterstützt, daher kann die Qualität variieren.

Sie können die Sprache in den Einstellungen ändern.

Sehen Sie sich unsere <link=""https://github.com/GlycoProduction/EmoteLab-localization/graphs/contributors"">Community-Mitwirkenden auf GitHub</link> an.

Möchten Sie einen Beitrag leisten? Begleiten Sie uns auf <link=""https://discord.gg/Xt8dAV8YF7"">Discord</link>.","Algunos idiomas son traducidos por nuestra comunidad o asistidos por traducción automática, por lo que la calidad puede variar.

Puedes cambiar el idioma en Configuración.

Vea nuestros <link=""https://github.com/GlycoProduction/EmoteLab-localization/graphs/contributors"">colaboradores de la comunidad en GitHub</link>.

¿Quieres contribuir? Únase a nosotros en <link=""https://discord.gg/Xt8dAV8YF7"">Discord</link>.","Certaines langues sont traduites par notre communauté ou assistées par traduction automatique, la qualité peut donc varier.

Vous pouvez changer la langue dans Paramètres.

Consultez nos <link=""https://github.com/GlycoProduction/EmoteLab-localization/graphs/contributors"">contributeurs de la communauté sur GitHub</link>.

Vous voulez contribuer ? Rejoignez-nous sur <link=""https://discord.gg/Xt8dAV8YF7"">Discord</link>.","Egyes nyelveket közösségünk fordít, vagy gépi fordítás segíti elő, így a minőség változhat.

A nyelvet a Beállításokban módosíthatja.

Tekintse meg <link=""https://github.com/GlycoProduction/EmoteLab-localization/graphs/contributors"">közösségi közreműködőinket a GitHubon</link>.

Szeretnél hozzájárulni? Csatlakozz hozzánk a <link=""https://discord.gg/Xt8dAV8YF7"">Discordon</link>.","一部の言語はコミュニティによって翻訳されているか、機械翻訳によって翻訳されているため、品質が異なる場合があります。

言語は設定で変更できます。

<link=""https://github.com/GlycoProduction/EmoteLab-localization/graphs/contributors"">GitHub のコミュニティ貢献者</link>をご覧ください。

貢献したいですか？ <link=""https://discord.gg/Xt8dAV8YF7"">Discord</link> に参加してください。","일부 언어는 커뮤니티에서 번역되거나 기계 번역의 도움을 받기 때문에 품질이 다를 수 있습니다.

설정에서 언어를 변경할 수 있습니다.

<link=""https://github.com/GlycoProduction/EmoteLab-localization/graphs/contributors"">GitHub의 커뮤니티 기여자</link>를 확인하세요.

기여하고 싶나요? <link=""https://discord.gg/Xt8dAV8YF7"">Discord</link>에 참여하세요.","Некоторые языки переводятся нашим сообществом или с помощью машинного перевода, поэтому качество может отличаться.

Вы можете изменить язык в настройках.

См. наших <link=""https://github.com/GlycoProduction/EmoteLab-localization/graphs/contributors"">участников сообщества на GitHub</link>.

Хотите внести свой вклад? Присоединяйтесь к нам в <link=""https://discord.gg/Xt8dAV8YF7"">Discord</link>.","Alguns idiomas são traduzidos pela nossa comunidade ou assistidos por tradução automática, portanto a qualidade pode variar.

Você pode alterar o idioma em Configurações.

Veja nossos <link=""https://github.com/GlycoProduction/EmoteLab-localization/graphs/contributors"">colaboradores da comunidade no GitHub</link>.

Quer contribuir? Junte-se a nós no <link=""https://discord.gg/Xt8dAV8YF7"">Discord</link>.","Деякі мови перекладаються нашою спільнотою або за допомогою машинного перекладу, тому якість може відрізнятися.

Ви можете змінити мову в налаштуваннях.

Дивіться <link=""https://github.com/GlycoProduction/EmoteLab-localization/graphs/contributors"">учасників спільноти на GitHub</link>.

Хочете зробити внесок? Приєднуйтесь до нас на <link=""https://discord.gg/Xt8dAV8YF7"">Discord</link>.","Alcune lingue sono tradotte dalla nostra community o assistite dalla traduzione automatica, quindi la qualità può variare.

Puoi cambiare la lingua in Impostazioni.

Vedi i nostri <link=""https://github.com/GlycoProduction/EmoteLab-localization/graphs/contributors"">collaboratori della community su GitHub</link>.

Vuoi contribuire? Unisciti a noi su <link=""https://discord.gg/Xt8dAV8YF7"">Discord</link>.","บางภาษาได้รับการแปลโดยชุมชนของเราหรือได้รับความช่วยเหลือจากการแปลด้วยคอมพิวเตอร์ ดังนั้นคุณภาพอาจแตกต่างกันไป

คุณสามารถเปลี่ยนภาษาได้ในการตั้งค่า

ดู <link=""https://github.com/GlycoProduction/EmoteLab-localization/graphs/contributors"">ผู้ร่วมให้ข้อมูลในชุมชนของเราบน GitHub</link>

ต้องการที่จะมีส่วนร่วม? เข้าร่วมกับเราบน <link=""https://discord.gg/Xt8dAV8YF7"">Discord</link>","Bazı diller topluluğumuz tarafından çevrilmekte veya makine çevirisiyle desteklenmektedir, dolayısıyla kalite farklılık gösterebilir.

Dili Ayarlar'dan değiştirebilirsiniz.

<link=""https://github.com/GlycoProduction/EmoteLab-localization/graphs/contributors"">GitHub'daki topluluğa katkıda bulunanlarımıza</link> bakın.

Katkıda bulunmak ister misiniz? <link=""https://discord.gg/Xt8dAV8YF7"">Discord</link>'ta bize katılın.","Vissa språk översätts av vår community eller assisteras av maskinöversättning, så kvaliteten kan variera.

Du kan ändra språket i Inställningar.

Se våra <link=""https://github.com/GlycoProduction/EmoteLab-localization/graphs/contributors"">bidragsgivare på GitHub</link>.

Vill du bidra? Gå med oss ​​på <link=""https://discord.gg/Xt8dAV8YF7"">Discord</link>."
MainMenu.TranslationInfo.DontShowAgain,Don't show this again,不再显示,不再顯示,Zeige das nicht noch einmal,No vuelvas a mostrar esto,Ne montre plus ça,Ne mutasd ezt újra,これを二度と表示しないでください,다시 표시하지 않음,Больше не показывать это,Não mostre isso de novo,Не показувати це знову,Non mostrarlo più,อย่าแสดงสิ่งนี้อีก,Bunu bir daha gösterme,Visa inte detta igen
