AnimationName,DisplayName,en,zh-Hans,zh-Hant,de,es,fr,hu,ja,ko,ru,pt-br,uk,it,th,tr
ANIM/Alert-Bits,Alert Bits,Alert Bits,通知/提示 Bits,通知/提示 Bits,Alert Bits,Alerta de Bits,Bits d'alerte,Figyelmeztető bitek,ビッツアラート,비트 알림,"Уведомление ""Twitch Bits""",Alerta de Bits,Біти попередження,Bit di avviso,Alert Bits,Bit Bildirimi
ANIM/Alert-Donation,Alert Donation,Alert Donation,通知/提示 硬币,通知/提示 硬幣,Alert Spende,Alerta de donación,Alerte Don,Figyelmeztető adományozás,寄付アラート,후원 알림,"Уведомление ""Донат""",Alerta de doação,Сповіщення про пожертвування,Donazione avviso,Alert โดเนท,Bağış Bildirimi
ANIM/Alert-Heart,Alert Heart,Alert Heart,通知/提示 爱心/喜欢,通知/提示 愛心/喜歡,Alert Herz,Alerta de corazón,Coeur d'alerte,Figyelmes szív,ハートアラート,하트 알림,"Уведомление ""Сердце""",Alerta de Coração,Тривожне серце,Cuore vigile,Alert หัวใจ,Kalp Bildirimi
ANIM/Alert-Like,Alert Like,Alert Like,通知/提示 点赞,通知/提示 點讚,Alert Like,Alerta de Like,Alerte J'aime,Alert Like,いいねアラート,좋아요 알림,"Уведомление ""Нравится""",Alerta de Like,Сповіщення Подобається,Avviso Mi piace,Alert ไลค์,Beğeni Bildirimi
ANIM/Alert-Star,Alert Star,Alert Star,通知/提示 星星/收藏,通知/提示 星星/收藏,Alert Stern,Alerta de estrella,Étoile d'alerte,Figyelmeztető csillag,星アラート,별 알림,"Уведомление ""Звезда""",Alerta de Estrela,Alert Star,Stella allerta,Alert ดาว,Yıldız Bildirimi
ANIM/Angry,Angry,Angry,生气,生氣,Wütend,Enojado,En colère,Dühös,怒り顔,화남,Злой,Raiva,Злий,Arrabbiato,โกรธ,Sinirli
ANIM/Arrive,Arrive,Arrive,到达,到達,Ankommen,Llegando,Arriver,Megérkezik,登場,등장,Подбежать,Chegada,Прибуття,Arrivare,เดินมาหา,Geldim
ANIM/Arrive-Chopstick,Arrive (with Chopstick),Arrive (with Chopstick),到达(拿筷子),到達(拿筷子),Ankommen (Essstäbchen),Llegando(con palillos),Arriver (avec une baguette),Érkezés (pálcikával),登場（箸）,등장(젓가락),Подбежать (с палочками для еды),Chegada (com Hashi),Прибуття (з паличкою для їжі),Arrivo (con la bacchetta),เดินมาหา (ตะเกียบ),Geldim (Chopstick)
ANIM/Arrive-Spoon,Arrive (with Spoon),Arrive (with Spoon),到达(拿勺子),到達(拿湯匙),Ankommen (Löffel),Llegando(con cuchara),Arriver (avec une cuillère),Érkezés (kanállal),登場（スプーン）,등장(숟가락),Подбежать (с ложкой),Chegada (com Colher),Прибуття (з ложкою),Arrivo (con cucchiaio),เดินมาหา (ช้อน),Geldim (Kaşık)
ANIM/Bonk,Bonk,Bonk,敲头,敲頭,Bonk,Bonk,Bonk,Bonk,ボンク,망치 콩,Боньк,Bonk,Бонк,Buono,ทุบ / Bonk,Bonk
ANIM/Copium,Copium,Copium,自我安慰,自我催眠,Copium,Copium,Copie,Copium,コピウム（現実逃避）,행복회로,Копиум,Copium,Copium,Copio,ทำใจ,Copium
ANIM/Crowbar-1,Crowbar 1,Crowbar 1,撬棍 1,撬棍 1,Brecheisen 1,Palanca 1,Pied de biche 1,Vargavas 1,バール1,쇠지렛대 1,Лом 1,Pé de cabra 1,Лом 1,Piede di porco 1,ชะแลง 1,Levye 1
ANIM/Crowbar-2,Crowbar 2,Crowbar 2,撬棍 2,撬棍 2,Brecheisen 2,Palanca 2,Pied de biche 2,Vargavas 2,バール2,쇠지렛대 2,Лом 2,Pé de cabra 2,Лом 2,Piede di porco 2,ชะแลง 2,Levye 2
ANIM/Crowbar-3,Crowbar 3,Crowbar 3,撬棍 3,撬棍 3,Brecheisen 3,Palanca 3,Pied de biche 3,Vargavas 3,バール3,쇠지렛대 3,Лом 3,Pé de cabra 3,Лом 3,Piede di porco 3,ชะแลง 3,Levye 3
ANIM/Cry-1,Cry 1,Cry 1,哭 1,哭 1,Weinen 1,Llorar 1,Pleurer 1,Sírás 1,泣き顔1,울음 1,Плач 1,Choro 1,Плакати 1,Piangere 1,ร้องไห้ 1,Ağla 1
ANIM/Cry-2,Cry 2,Cry 2,哭 2,哭 2,Weinen 2,llorar 2,Pleurer 2,Sírás 2,泣き顔2,울음 2,Плач 2,Choro 2,Плакати 2,Piangere 2,ร้องไห้ 2,Ağla 2
ANIM/Cry-3,Cry 3,Cry 3,哭 3,哭 3,Weinen 3,Llorar 3,Pleurer 3,Sírás 3,泣き顔3,울음 3,Плач 3,Choro 3,Плакати 3,Piangere 3,ร้องไห้ 3,Ağla 3
ANIM/Dead,Dead,Dead,死亡,死亡,Tot,Muerto,Mort,Halott,ダウン,기절,Умер,Morto,Мертвий,Morto,วิญญาณหลุด,Öldüm
ANIM/Dizzy,Dizzy,Dizzy,头晕,頭暈,Schwindlig,Mareado,Vertigineux,Szédül,目まわし,어지러움,Вскружило голову,Tontura,запаморочення,Dare le vertigini,ตาลาย,Başım Dönüyo
ANIM/Drink-BeverageCup,Drink (Beverage Cup),Drink (Beverage Cup),喝(饮料杯),喝(飲料杯),Getränk (Becher),Bebiendo (Vaso de bebida),Boisson (tasse de boisson),Ital (italos csésze),ドリンク（カップ）,음료 마시기(음료컵),Пить (Стаканчик с напитком),Beber (Copo),Напій (чашка для напоїв),Bevanda (tazza per bevande),เครื่องดื่ม (แก้วเครื่องดื่ม),İç (Pipetle)
ANIM/Drive,Drive,Drive,驾驶,駕駛,Fahren,Conduciendo,Conduire,Hajtás,ドライブ,운전하기,Водить машину,Dirigir,Драйв,Guidare,ขับรถ,Sür
ANIM/Drooling-Chopstick,Drooling (Chopstick),Drooling (Chopstick),馋(筷子),嘴饞(筷子),Sabbern (Essstäbchen),Babeando (palillo),Baver (baguette),Nyálcsorgatás (evőpálcika),よだれ（箸）,침흘림(젓가락),Слюни (Палочки для еды),Babando (Hashi),Слинотеча (Chopstick),Sbavare (bacchette),น้ำลายไหล (ตะเกียบ),Ağzım Sulandı (Chopstick)
ANIM/Drooling-ForkKnife,Drooling (Fork&Knife),Drooling (Fork&Knife),馋(刀叉),嘴饞(刀叉),Sabbern (Gabel&Messer),Babeando (tenedor y cuchillo),Bave (Fourchette et Couteau),Nyálcsorgatás (villa és kés),よだれ（フォーク＆ナイフ）,침흘림(포크&나이프),Слюни (Вилка и нож),Babando (Garfo & Faca),Слини (виделка та ніж),Sbavando (forchetta e coltello),น้ำลายไหล (ส้อมและมีด),Ağzım Sulandı (Çatal ve Bıçak)
ANIM/Dum-1,Dum 1,Dum 1,呆 1,呆 1,Dum 1,Tonto 1,Doum 1,Dum 1,ほげ1,바보 1,Глупик 1,Bobo 1,Думка 1,Dimmi 1,หน้าโง่ 1,Enayi 1
ANIM/Dum-2,Dum 2,Dum 2,呆 2,呆 2,Dum 2,Tonto 2,Doum 2,Dum 2,ほげ2,바보 2,Глупик 2,Bobo 2,Думка 2,Dimmi 2,หน้าโง่ 2,Enayi 2
ANIM/Dum-3,Dum 3,Dum 3,呆 3,呆 3,Dum 3,Tonto 3,Doum 3,Dum 3,ほげ3,바보 3,Глупик 3,Bobo 3,Думка 3,Dimmi 3,หน้าโง่ 3,Enayi 3
ANIM/Dum-Sticker-1,Dum Sticker 1,Dum Sticker 1,呆(贴纸) 1,呆(貼紙) 1,Dum-Aufkleber 1,"Post-it ""Dumb"" 1",Autocollant Dum 1,Dum matrica 1,ほげステッカー1,바보 스티커 1,Глупик со стикером 1,Bobo Adesivo 1,Наклейка Dum 1,Adesivo stupido 1,หน้าโง่ 1 (Sticky Note),Enayi Stickeri 1
ANIM/Dum-Sticker-2,Dum Sticker 2,Dum Sticker 2,呆(贴纸) 2,呆(貼紙) 2,Dum-Aufkleber 2,"Post-it ""Dumb"" 2",Autocollant Dum 2,Dum matrica 2,ほげステッカー2,바보 스티커 2,Глупик со стикером 2,Bobo Adesivo 2,Dum Sticker 2,Adesivo stupido 2,หน้าโง่ 2 (Sticky Note),Enayi Stickeri 2
ANIM/Dum-Sticker-3,Dum Sticker 3,Dum Sticker 3,呆(贴纸) 3,呆(貼紙) 3,Dum-Aufkleber 3,"Post-it ""Dumb""3",Autocollant Dum 3,Dum matrica 3,ほげステッカー3,바보 스티커 3,Глупик со стикером 3,Bobo Adesivo 3,Наклейка Dum 3,Adesivo stupido 3,หน้าโง่ 3 (Sticky Note),Enayi Stickeri 3
ANIM/Exclamation,Exclamation,Exclamation,叹号,驚嘆號,Ausrufezeichen,Exclamación,Exclamation,Felkiáltás,びっくり,깜짝,"Удивление ""!!""",Exclamação,Вигук,Esclamazione,อุทาน,Aman
ANIM/Jail-1,Jail 1,Jail 1,坐牢 1,坐牢 1,Gefängnis 1,Cárcel 1,Prison 1,Börtön 1,牢屋1,감옥 1,Тюрьма 1,Prisão 1,В'язниця 1,Prigione 1,คุก 1,Hapis 1
ANIM/Jail-2,Jail 2,Jail 2,坐牢 2,坐牢 2,Gefängnis 2,Cárcel 2,Prison 2,Börtön 2,牢屋2,감옥 2,Тюрьма 2,Prisão 2,В'язниця 2,Prigione 2,คุก 2,Hapis 2
ANIM/Knife-1,Knife 1,Knife 1,刀 1,刀 1,Messer 1,Cuchillo 1,Couteau 1,Kés 1,ナイフ1,칼 1,Нож 1,Faca 1,Ніж 1,Coltello 1,มีด 1,Bıçak 1
ANIM/Knife-2,Knife 2,Knife 2,刀 2,刀 2,Messer 2,Cuchillo 2,Couteau 2,Kés 2,ナイフ2,칼 2,Нож 2,Faca 2,Ніж 2,Coltello 2,มีด 2,Bıçak 2
ANIM/Laugh,Laugh,Laugh,笑,笑,Lachen,Riendo,Rire,Nevetés,笑い顔,웃음,Смех,Rir,сміятися,Ridere,หัวเราะ,Gül
ANIM/Lick,Lick,Lick,舔舔,舔舔,Lecken,Lamiendo,Lécher,Nyalás,ぺろり,핥기,Лизь языком,Lamber,лизати,Leccata,เลีย,Yala Yala
ANIM/Lightstick-1,Lightstick 1,Lightstick 1,荧光棒 1,螢光棒 1,Leuchtstab 1,Lightstick 1,Bâton lumineux 1,Lightstick 1,ペンライト1,응원봉 1,Лайтстик 1,Bastão de Luz 1,Світлова паличка 1,Bastone luminoso 1,แท่งไฟ 1,Işıklı Çubuk 1
ANIM/Lightstick-2,Lightstick 2,Lightstick 2,荧光棒 2,螢光棒 2,Leuchtstab 2,Lightstick 2,Bâton lumineux 2,Lightstick 2,ペンライト2,응원봉 2,Лайтстик 2,Bastão de Luz 2,Lightstick 2,Bastone luminoso 2,แท่งไฟ 2,Işıklı Çubuk 2
ANIM/Lurk-1,Lurk 1,Lurk 1,冒泡 1,冒泡 1,Lurken 1,Lurkeo 1,Cachez-vous 1,Lappangás 1,ちらっ1,빼꼼 1,Подглядывать 1,Espreitar 1,ховатися 1,In agguato 1,แอบ 1,Saklan 1
ANIM/Lurk-2,Lurk 2,Lurk 2,冒泡 2,冒泡 2,Lurken 2,Lurkeo 2,Cachez-vous 2,Lappangás 2,ちらっ2,빼꼼 2,Подглядывать 2,Espreitar 2,ховатися 2,In agguato 2,แอบ 2,Saklan 2
ANIM/Luv-1,Luv 1,Luv 1,爱心 1,愛心 1,Liebe 1,Amor 1,Amour 1,Luv 1,ラブ1,하트 1,Любовь 1,Amor 1,Любов 1,Amore 1,รัก 1,Sevgi 1
ANIM/Luv-2,Luv 2,Luv 2,爱心 2,愛心 2,Liebe 2,Amor 2,Amour 2,Luv 2,ラブ2,하트 2,Любовь 2,Amor 2,Любов 2,Amore 2,รัก 2,Sevgi 2
ANIM/Luv-3,Luv 3,Luv 3,爱心 3,愛心 3,Liebe 3,Amor 3,Amour 3,Luv 3,ラブ3,하트 3,Любовь 3,Amor 3,Любов 3,Amore 3,รัก 3,Sevgi 3
ANIM/Money,Money,Money,钱,錢,Geld,Dinero,Argent,Pénz,お金,돈,Деньги,Dinheiro,гроші,Soldi,เงิน,Paracıklar
ANIM/Mute-1,Mute 1,Mute 1,静音 1,靜音 1,Stumm 1,Muteado 1,Muet 1,Némítás 1,ミュート1,음소거 1,Беззвучный 1,Mudo 1,Вимкнути звук 1,Muto 1,Mute 1,Susturulu 1
ANIM/Mute-2,Mute 2,Mute 2,静音 2,靜音 2,Stumm 2,Muteado 2,Muet 2,Némítás 2,ミュート2,음소거 2,Беззвучный 2,Mudo 2,Вимкнути звук 2,Muto 2,Mute 2,Susturulu 2
ANIM/Nervous-1,Nervous 1,Nervous 1,紧张 1,緊張 1,Nervös 1,Nervioso 1,Nerveux 1,Ideges 1,ドキドキ1,식은땀 1,Нервный 1,Nervoso 1,Нервовий 1,Nervoso 1,กังวล 1,Endişeli 1
ANIM/Nervous-2,Nervous 2,Nervous 2,紧张 2,緊張 2,Nervös 2,Nervioso 2,Nerveux 2,Ideges 2,ドキドキ2,식은땀 2,Нервный 2,Nervoso 2,Нервовий 2,Nervoso 2,กังวล 2,Endişeli 2
ANIM/Noted-1,Noted 1,Noted 1,记录 1,記錄 1,Notiz 1,Anotando 1,Noté 1,Megjegyezte 1,了解1,메모 1,Записано 1,Anotando 1,Відзначено 1,Notato 1,จดโน๊ต 1,Not Alma 1
ANIM/Noted-2,Noted 2,Noted 2,记录 2,記錄 2,Notiz 2,Anotando 2,Noté 2,Megjegyezte 2,了解2,메모 2,Записано 2,Anotando 2,Примічено 2,Notato 2,จดโน๊ต 2,Not Alma 2
ANIM/Pat,Pat,Pat,摸头,摸頭,Streicheln,Palmadita,Tapoter,Pat,なでなで,쓰다듬기,Гладь по голове,Carinho,Пат,Pat,ลูบหัว,Kafa Okşa
ANIM/Point,Point,Point,指,指,Zeigen,Apuntar,Indiquer,Pont,指さし,가리키기,Обвинение,Apontar,точка,Punto,ชี้,İşaret et
ANIM/Question,Question,Question,问号,問號,Frage,Pregunta,Question,Kérdés,はてな,갸우뚱,Возник вопрос,Pergunta,Питання,Domanda,ถาม,Ney
ANIM/Raid-1,Raid 1,Raid 1,Raid 1,Raid 1,Raid 1,Raid 1,Raid 1,Raid 1,レイド1,레이드 1,Рейд 1,Raid 1,Рейд 1,Incursione 1,Raid 1,Baskın 1
ANIM/Raid-2,Raid 2,Raid 2,Raid 2,Raid 2,Raid 2,Raid 2,Raid 2,Raid 2,レイド2,레이드 2,Рейд 2,Raid 2,Рейд 2,Incursione 2,Raid 2,Baskın 2
ANIM/RedPacket-1,RedPacket 1,RedPacket 1,红包 1,紅包 1,Glücksumschlag 1,Sobre rojo 1,Paquet rouge 1,RedPacket 1,お年玉1,용돈 봉투 1,Конверт 1,Pacote Vermelho 1,RedPacket 1,Pacchetto Rosso 1,อั่งเปา 1,Kırmızı Paket 1
ANIM/RedPacket-2,RedPacket 2,RedPacket 2,红包 2,紅包 2,Glücksumschlag 2,Sobre rojo 2,Paquet rouge 2,RedPacket 2,お年玉2,용돈 봉투 2,Конверт 2,Pacote Vermelho 2,RedPacket 2,Pacchetto Rosso 2,อั่งเปา 2,Kırmızı Paket 2
ANIM/Rose,Rose,Rose,玫瑰,玫瑰,Rose,Rosa,Rose,Rózsa,バラ,장미,Роза,Rosa,Роза,Rosa,ดอกกุหลาบ,Gül
ANIM/Score-0Point,Score (0 Point),Score (0 Point),得分(0分),得分(0分),Punkte (0),Puntuación (0 puntos),Score (0 point),Pontszám (0 pont),採点（0点）,점수(0점),Оценка (0 очков),Pontuação (0 pontos),Оцінка (0 балів),Punteggio (0 punti),คะแนน (0 คะแนน),Puanım (0)
ANIM/Score-10Point,Score (10 Point),Score (10 Point),得分(10分),得分(10分),Punkte (10),Puntuación (10 puntos),Score (10 points),Pontszám (10 pont),採点（10点）,점수(10점),Оценка (10 баллов),Pontuação (10 pontos),Оцінка (10 балів),Punteggio (10 punti),คะแนน (10 คะแนน),Puanım (10)
ANIM/Shy-1,Shy 1,Shy 1,害羞 1,害羞 1,Schüchtern 1,Tímido 1,Timide 1,Félénk 1,照れ顔1,부끄러움 1,Смущение 1,Tímido 1,Сором'язливий 1,Timido 1,ขี้อาย 1,Utangaç 1
ANIM/Shy-2,Shy 2,Shy 2,害羞 2,害羞 2,Schüchtern 2,Tímido 2,Timide 2,Félénk 2,照れ顔2,부끄러움 2,Смущение 2,Tímido 2,Сором'язливий 2,Timido 2,ขี้อาย 2,Utangaç 2
ANIM/Sleep-Normal,Sleep (Normal),Sleep (Normal),睡觉(普通),睡覺(普通),Schlaf (Normal),Dormir (Normal),Sommeil (normal),Alvás (normál),寝る（通常）,수면(일반),Сон (нормальный),Dormindo (Normal),сон (нормальний),Sonno (normale),นอนหลับ (ปกติ),Uyu (Normal)
ANIM/Sleep-Preparing-Stage1,Sleep (Preparing Stage 1),Sleep (Preparing Stage 1),睡觉(准备阶段1),睡覺(準備階段1),Schlaf (Vorbereitung 1),Dormir (Preparación 1),Sommeil (étape de préparation 1),Alvás (1. előkészítési szakasz),寝る（準備1）,수면(준비 1단계),Сон (подготовка ко сну 1),Dormindo (Preparação 1),Сон (підготовчий етап 1),Sonno (Preparazione alla Fase 1),นอนหลับ (เตรียมตัวนอน 1),Uyku (Hazırlanma Aşaması 1)
ANIM/Sleep-Preparing-Stage2,Sleep (Preparing Stage 2),Sleep (Preparing Stage 2),睡觉(准备阶段2),睡覺(準備階段2),Schlaf (Vorbereitung 2),Dormir (Preparación 2),Sommeil (étape de préparation 2),Alvás (2. előkészítési szakasz),寝る（準備2）,수면(준비 2단계,Сон (подготовка ко сну 2),Dormindo (Preparação 2),Сон (підготовчий етап 2),Sonno (Preparazione alla Fase 2),นอนหลับ (เตรียมตัวนอน 2),Uyku (Hazırlanma Aşaması 2)
ANIM/Sleep-UU,Sleep (UU),Sleep (UU),睡觉 (UU),睡覺 (UU),Schlaf (UU),Dormir (UU),Sommeil (UU),Alvás (UU),寝る（すやすや）,수면(UU),Сон (UwU),Dormindo (UU),Сон (UU),Sonno (UU),นอนหลับ (UU),Uyu (UU)
ANIM/Surprise,Surprise,Surprise,惊吓,驚嚇,Überraschung,Sorpresa,Surprendre,Meglepetés,びっくり顔,놀람,Сюрприз,Surpresa,Сюрприз,Sorpresa,เซอร์ไพรส์,Sürpriz
ANIM/Sweat,Sweat,Sweat,汗,汗,Schweiß,Sudor,Transpirer,Izzad,冷や汗,땀,Потливость,Suando,піт,Sudore,เหงือตก,Yorulma
ANIM/ThumbDown,Thumb Down,Thumb Down,反向点赞,倒讚,Daumen runter,Pulgar hacia abajo,Pouce vers le bas,Lefelé hüvelykujj,よくないね,싫어요,Большой палец вниз,Polegar para Baixo,Великий палець вниз,Pollice giù,ไม่ชอบ,Beğenmedim
ANIM/ThumbUp,Thumb Up,Thumb Up,点赞,點讚,Daumen hoch,Pulgar hacia arriba,Pouce vers le haut,Menj fel,いいね,좋아요,Большой палец вверх,Polegar para Cima,Великий палець вгору,Pollice in su,ชอบ,Beğendim
ANIM/Type-Angry,Type Angry,Type Angry,打字(生气),打字(生氣),Tippen Wütend,Escribiendo enojado,Tapez en colère,Írd be: Dühös,タイピング（怒り）,타이핑(화남),Злое печатание,Escrevendo Raiva,Тип Злий,Digita Arrabbiato,พิมพ์ (โกรธ),Yaz Sinirli
ANIM/Type-Annoyed,Type Annoyed,Type Annoyed,打字(恼怒),打字(惱怒),Tippen Genervt,Escribiendo molesto,Type Ennuyé,Típus Bosszús,タイピング（イライラ）,타이핑(짜증),Раздраженное печатание,Escrevendo Ódio,Тип Роздратований,Digita Infastidito,พิมพ์ (รำคาญ),Yaz Siniri bozuk
ANIM/Type-Normal,Type Normal,Type Normal,打字(普通),打字(普通),Tippen Normal,Escribiendo normal,Type Normal,Normál típus,タイピング（通常）,타이핑(일반),Печатание нормальное,Escrevendo Normal,Тип Нормальний,Digitare Normale,พิมพ์ (ปกติ),Yaz Normal
ANIM/Work-Angry,Work Angry,Work Angry,工作(生气),工作(生氣),Arbeit Wütend,Trabajando enojado,Travailler en colère,Work Angry,作業（怒り）,업무(화남),Злой на работе,Trabalhando Ódio,Робота Злий,Lavora arrabbiato,ทำงาน (โกรธ),Çalış Sinirli
ANIM/Work-Nap,Work Nap,Work Nap,工作(小睡),工作(小睡),Arbeit Nickerchen,Dormido trabajando,Sieste de travail,Munkaszünet,作業（居眠り）,업무(졸음),Уснул на работе,Trabalhando Sono,Робочий сон,Pisolino di lavoro,ทำงาน (หลับ),Çalış Uyu
ANIM/Work-Normal,Work Normal,Work Normal,工作(普通),工作(普通),Arbeit Normal,Trabajando Normal,Travail normal,Normál munkavégzés,作業（通常）,업무(일반),Работает обычно,Trabalhando Normal,Нормальна робота,Lavoro normale,ทำงาน (ปกติ),Çalış Normal
ANIM/Work-Tired,Work Tired,Work Tired,工作(疲倦),工作(疲倦),Arbeit Müde,Trabajando cansado,Travailler fatigué,Munka fáradt,作業（疲れ）,업무(피곤),Усталость от работы,Trabalhando Cansado,Робота втомлена,Lavoro stanco,ทำงาน (เหนื่อย),Çalış Yorgun
ANIM/Bell,Bell,Bell,摇铃,搖鈴,Glocke,Campana,Cloche,Harang,ベル,종 울리기,Колокольчик,Sino,дзвоник,Campana,กระดิ่งมีด้าม,Çan
ANIM/Cake,Cake,Cake,蛋糕,蛋糕,Kuchen,Pastel,Gâteau,Torta,ケーキ,케이크,Торт,Bolo,Торт,Torta,เค้ก,Kek
ANIM/Caught-Phone,Caught in 4K (Phone),Caught in 4K (Phone),抓拍(手机),拍照(手機),Foto schießen (Telefon),Captado en 4K (teléfono),Pris en 4K (téléphone),4K-ban rögzítve (telefon),4K で撮影 (携帯電話),증거 포착(핸드폰),Снимает в 4K (телефон),Pego em 4K (Telefone),Знято в 4K (телефон),Catturato in 4K (telefono),เก็บหลักฐาน (มือถือ),Hop ss aldım (Telefon)
ANIM/Caught-VideoCamera,Caught in 4K (Video Camera),Caught in 4K (Video Camera),抓拍(摄像机),拍照(攝影機),Video drehen (Videokamera),Captado en 4K (cámara de vídeo),Pris en 4K (caméra vidéo),4K-ban rögzítve (videokamera),4K（ビデオカメラ）で撮影,증거 포착(비디오 카메라),Снимает в 4K (видеокамера),Pego em 4K (Câmera de Vídeo),Знято в 4K (відеокамера),Catturato in 4K (videocamera),เก็บหลักฐาน (กล้องวิดีโอ),Hop ss aldım (Video Kamera)
ANIM/Celebration,Celebration,Celebration,庆祝,慶祝,Feier,Celebración,Célébration,Ünneplés,お祝い,축하,Празднование,Celebração,святкування,Celebrazione,เฉลิมฉลอง,Kutlama
ANIM/Head-Nod,Head Nod,Head Nod,点头,點頭,Kopfnicken,Asentir con la cabeza,Hochement de tête,Fej bólint,うなずく,고개 끄덕임,Кивок головой,Aceno a Cabeça,Кивок головою,Testa annuita,พยักหน้า,Kafa Salla (Olumlu)
ANIM/Head-Shake,Head Shake,Head Shake,摇头,搖頭,Kopfschütteln,Sacudir la cabeza,Secousse de tête,Fej rázza,首を振る,고개 젓기,Покачивание головой,Sacudir a Cabeça,Похитування головою,Scuotere la testa,ส่ายหัว,Kafa salla (Olumsuz)
ANIM/Hypnosis,Hypnosis,Hypnosis,催眠,催眠,Hypnose,Hipnosis,Hypnose,Hipnózis,催眠術,최면,Гипноз,Hipnose,Гіпноз,Ipnosi,สะกดจิต,Hipnoz
ANIM/Laugh-Point,Laugh (Point),Laugh (Point),笑(指),笑(指),Lachen (Zeigen),Reír (punto),Rire (pointer),Nevetés (pont),笑い（ポイント）,비웃음(포인트),Смех (Обвинение),Rir (Apontando),Сміятися (точка),Ridere (punto),หัวเราะ (ชี้),Gül (İşaret ederek)
ANIM/LoveLetter,Love Letter,Love Letter,情书,情書,Liebesbrief,carta de amor,Lettre d'amour,Szerelmeslevél,ラブレター,러브레터,Любовное письмо,Carta de Amor,Любовний лист,Lettera d'amore,จดหมายรัก,İlan-ı Aşk Mektubu
ANIM/NeedFood,Need Food,Need Food,要米,求餵食,Brauche Essen,Necesito comida,Besoin de nourriture,Élelmiszer kell,食べ物が必要です,배고픔,Нуждаюсь в еде,Precisa de Comida,Потрібна їжа,Bisogno di cibo,ขออาหาร,Yemek Lazım
ANIM/PNGTuber-Idle,PNGTuber Idle,PNGTuber Idle,PNGTuber 闲置,PNGTuber 閒置,PNGTuber Idle,PNGTuber inactivo,PNGTuber inactif,PNGTuber Idle,PNGTuberアイドル,2D 버튜버 (대기),PNG-tuber в покое,PNGTuber Inativo ,PNGTuber не працює,PNGTuber Inattivo,PNGTuber Idle,PNGTuber Sabit
ANIM/PNGTuber-Idle2,PNGTuber Idle 2,PNGTuber Idle 2,PNGTuber 闲置 2,PNGTuber 閒置 2,PNGTuber Idle 2,PNGTuber inactivo 2,PNGTuber Inactif 2,PNGTuber Idle 2,PNGTuber アイドル 2,2D 버튜버 (대기) 2,PNG-tuber в покое 2,PNGTuber Inativo 2,PNGTuber Idle 2,PNGTuber Inattivo 2,PNGTuber Idle 2,PNGTuber Sabit 2
ANIM/PNGTuber-Loading,PNGTuber Loading,PNGTuber Loading,PNGTuber 加载中,PNGTuber 載入中,PNGTuber wird geladen,Cargando PNGTuber,Chargement du tube PNG,PNGTuber betöltése,PNGTuberの読み込み,PNGTuber 로드 중,PNGTuber Загрузка,Carregando PNGTuber,PNG Tuber Завантаження,Caricamento PNGTuber,กำลังโหลด PNGTuber,PNGTuber Yükleniyor
ANIM/PNGTuber-Talk,PNGTuber Talk,PNGTuber Talk,PNGTuber 说话,PNGTuber 說話,PNGTuber Reden,Charla de Tuber,Discussion sur les tubercules PNG,PNGTuber Talk,PNGTuber トーク,2D 버튜버 (말하기),PNG-tuber говорит,PNGTuber Falando,PNG Tuber Talk,PNGTuber Parla,PNGTuber พูดคุย,PNGTuber Konuş
ANIM/PNGTuber-Talk2,PNGTuber Talk 2,PNGTuber Talk 2,PNGTuber 说话 2,PNGTuber 說話 2,PNGTuber Reden 2,Charla de Tuber 2,PNGTuber Discussion 2,PNGTuber Talk 2,PNGTuber トーク 2,2D 버튜버 (말하기) 2,PNG-tuber говорит 2,PNGTuber Falando 2,PNG Tuber Talk 2,PNGTuber Parla 2,PNGTuber พูดคุย 2,PNGTuber Konuş 2
ANIM/PNGTuber-Yap,PNGTuber Yap,PNGTuber Yap,PNGTuber 说教,PNGTuber 說教,PNGTuber Yappen,PNGTuber Yap,PNGTuber Yap,PNGTuber Yap,PNGチューバー ヤップ,2D 버튜버 (수다),PNG-tuber тявканье,PNGTuber Conversando,PNGTuber Yap,PNGTuber Già,PNGTuber โวย,PNGTuber Boş Yap
ANIM/Popcat-Frame,Popcat Frame,Popcat Frame,Popcat 帧,Popcat 幀,Popcat Standbild,Marco de gato pop,Cadre Popcat,Popcat keret,ポップキャットフレーム,팝캣 (프레임),Попкэт по кадрам,Popcat Frame,Рамка Popcat,Cornice Popcat,Popcat Frame,Popcat Düz
ANIM/Popcat-Smooth,Popcat Smooth,Popcat Smooth,Popcat 平滑,Popcat 平滑,Popcat Animiert,Gato suave,Popcat Lisse,Popcat Smooth,ポップキャットスムーズ,팝캣 (부드러움),Попкэт плавный,Popcat Suave,Popcat Smooth,Popcat liscio,Popcat Smooth,Popcat Akışkan
ANIM/Sing,Sing,Sing,唱歌,唱歌,Singen,Cantar,Chanter,Énekel,歌う,노래하기,Пение,Cantando,Співай,Cantare,ร้องเพลง,Şarkı Söyle
ANIM/Tablet,Tablet,Tablet,画板,繪圖板,Tablet,Tableta,Comprimé,Tabletta,錠剤,타블렛,Графический планшет,Tablet,планшет,Tavoletta,แท็บเล็ตวาดรูป,Çizim Tableti
ANIM/TailWag,Tail Wag,Tail Wag,雨刮器尾巴,雨刷尾巴,Schwanzwedeln,Meneo de cola,Remuer la queue,Tail Wag,テールワグ,꼬리 흔들기,Виляние хвостом,Balançando a cauda,Виляння хвостом,Scodinzolare,กระดิกหาง,Kuyruk Salla
ANIM/Bug,Bug,Bug,Bug,Bug,Insekt,Bicho,Bogue,Bogár,バグ,벌레,Ошибка,Erro,помилка,Insetto,แมลง,Böcek
ANIM/Cheer,Cheer,Cheer,加油,加油,Jubeln,Alegría,Acclamation,Éljenzés,応援する,환호,Радость,Alegrar,Розвеселити,Allegria,เชียร์,Tezahürat
ANIM/Easter,Easter,Easter,复活节,復活節,Ostern,Pascua de Resurrección,Pâques,húsvéti,イースター,부활절,Пасха,Páscoa,Великдень,Pasqua,อีสเตอร์,Paskalya
ANIM/Gun-TriggerHappy,Gun,Gun,枪,槍,Pistole,Pistola,Pistolet,Pisztoly,銃,총,Пистолет,Pistola,пістолет,Pistola,ปืน,Silah
ANIM/Idea,Idea,Idea,主意,主意,Idee,Idea,Idée,Ötlet,アイデア,아이디어,Идея,Ideia,Ідея,Idea,ความคิด,Fikir
ANIM/Megaphone,Megaphone,Megaphone,扩音器,擴音器,Megaphon,Megáfono,Mégaphone,Megafon,メガホン,메가폰,Мегафон,Megafone,Мегафон,Megafono,โทรโข่ง,Megafon
ANIM/PaidBreak-EasyMode,Paid Break (Easy Mode),Paid Break (Easy Mode),带薪拉屎(简单模式),帶薪拉屎(簡單模式),Bezahlte Pause (einfacher Modus),Descanso pagado (modo fácil),Pause payée (mode facile),Fizetett szünet (Easy Mode),有給休憩（イージーモード）,유급 휴식(쉬움 모드),Оплачиваемый перерыв (простой режим),Pausa Paga (Modo Fácil),Оплачувана перерва (легкий режим),Pausa retribuita (modalità facile),แบ่งจ่าย (โหมดง่าย),Ücretli Mola (Kolay Mod)
ANIM/PaidBreak-HardMode,Paid Break (Hard Mode),Paid Break (Hard Mode),带薪拉屎(困难模式),帶薪拉屎(困難模式),Bezahlte Pause (harter Modus),Descanso pagado (modo difícil),Pause payée (mode difficile),Fizetett szünet (kemény mód),有給休憩（ハードモード）,유급 휴식(하드 모드),Оплачиваемый перерыв (сложный режим),Pausa Paga (Modo Difícil),Оплачувана перерва (важкий режим),Pausa retribuita (modalità difficile),แบ่งจ่าย (โหมดฮาร์ด),Ücretli Mola (Zor Mod)
ANIM/Spray,Spray,Spray,喷剂,噴劑,Spray,Pulverización,Pulvérisation,Permet,スプレー,스프레이,Спрей,Pulverizar,Спрей,Spray,สเปรย์,Sprey
ANIM/StopsWorking,Stops Working,Stops Working,停止工作,停止工作,Funktioniert nicht mehr,Deja de funcionar,Arrête de fonctionner,Leállítja a munkát,動作を停止します,작동이 중지됨,Перестает работать,Para de funcionar,Припиняє працювати,Smette di funzionare,หยุดทำงาน,Çalışmayı Durdurur
ANIM/Sunglasses-Gleam,Sunglasses Gleam,Sunglasses Gleam,墨镜反光,墨鏡反光,Sonnenbrillen glänzen,gafas de sol brillan,Lunettes de soleil Gleam,Napszemüveg Gleam,サングラスの輝き,선글라스 글림,Солнцезащитные очки,Óculos de sol brilham,Сонцезахисні окуляри Gleam,Gli occhiali da sole brillano,แว่นกันแดดกลิตเตอร์,Güneş Gözlüğü Parıltısı
ANIM/Sunglasses-PixelGleam,Sunglasses Pixel Gleam,Sunglasses Pixel Gleam,像素墨镜反光,畫素墨鏡反光,Sonnenbrille Pixel Gleam,Gafas de sol Pixel Brillo,Lunettes de soleil Pixel Gleam,Pixel Gleam napszemüveg,サングラス ピクセル グリム,선글라스 픽셀 글림,Солнцезащитные очки Pixel Gleam,Óculos de sol Pixel Gleam,Сонцезахисні окуляри Pixel Gleam,Occhiali da sole Pixel Gleam,แว่นกันแดด Pixel Gleam,Güneş Gözlüğü Pixel Gleam
ANIM/Sunglasses-Remove,Sunglasses Remove,Sunglasses Remove,摘掉墨镜,摘掉墨鏡,Sonnenbrille entfernen,Quitar gafas de sol,Lunettes de soleil Supprimer,Távolítsa el a napszemüveget,サングラスを外す,선글라스 제거,Солнцезащитные очки снять,Óculos de sol remover,Зняти сонцезахисні окуляри,Occhiali da sole Rimuovi,ถอดแว่นกันแดด,Güneş Gözlüğü Kaldır
ANIM/Swatter,Swatter,Swatter,拍蝇,拍蠅,Fliegenklatsche,Palmeta matamoscas,Tapette,Légycsapó,たたき,찰싹 때리는 사람,Сваттер,mata-mata,Бійка,Schiacciamento,ไม้ตี,Sineklik
ANIM/Tape,Tape,Tape,胶带,膠帶,Band,Cinta,Ruban adhésif,Szalag,テープ,줄자,Лента,Fita,Tape,Nastro,เทป,Kaset
ANIM/TrashBin,Trash Bin,Trash Bin,垃圾桶,垃圾桶,Mülleimer,Papelera,Poubelle,Szemeteskosár,ゴミ箱,쓰레기통,мусорное ведро,Lixeira,Відро для сміття,Cestino,ถังขยะ,Çöp Kutusu
ANIM/TrashTuber-Idle,TrashTuber Idle,TrashTuber Idle,TrashTuber 闲置,TrashTuber 閒置,TrashTuber im Leerlauf,TrashTuber inactivo,TrashTuber inactif,TrashTuber Idle,トラッシュチューバーアイドル,TrashTuber 유휴 상태,TrashTuber Простой,TrashTuber ocioso,TrashTuber не працює,TrashTuber Inattivo,ถังขยะไม่ได้ใช้งาน,TrashTuber Boşta
ANIM/TrashTuber-Talk,TrashTuber Talk,TrashTuber Talk,TrashTuber 说话,TrashTuber 說話,TrashTuber-Talk,Charla de TrashTuber,Discussion sur les TrashTubers,TrashTuber Talk,トラッシュチューバートーク,TrashTuber 토크,TrashTuber Talk,Conversa sobre TrashTuber,Обговорення TrashTuber,Discorso su TrashTuber,ถังขยะพูดคุย,TrashTuber Konuşması
ANIM/TrashTuber-Yap,TrashTuber Yap,TrashTuber Yap,TrashTuber 说教,TrashTuber 說教,TrashTuber Yap,TrashTuber Yap,TrashTuber Yap,TrashTuber Yap,トラッシュチューバー・ヤップ,TrashTuber 얍,TrashTuber Яп,TrashTuber Yap,TrashTuber Яп,TrashTuber Già,ถังขยะ ยัป,TrashTuber Yap
ANIM/Cheers,Cheers,Cheers,干杯,乾杯,Prost,Salud,Acclamations,Egészségére,乾杯,건배,Ваше здоровье,Saúde,Ура,Saluti,ไชโย,Şerefe
ANIM/Dance-1,Dance 1,Dance 1,跳舞 1,跳舞 1,Tanz 1,Danza 1,Danse 1,Tánc 1,ダンス1,댄스 1,Танец 1,Dança 1,Танець 1,Danza 1,เต้นรำ 1,Dans 1
ANIM/Dance-Caramelldansen,Dance (Caramelldansen),Dance (Caramelldansen),跳舞 (Caramelldansen),跳舞 (Caramelldansen),Tanz (Caramelldansen),Danza (Caramelldansen),Danse (Caramelldansen),Tánc (Caramelldansen),ダンス (キャラメルダンセン),댄스(카라멜단센),Танец (Карамельдансен),Dança (Caramelldansen),Танець (Caramelldansen),Danza (Caramelldansen),เต้นรำ (คาราเมลแดนเซน),Dans (Caramelldansen)
ANIM/Dance-Helltaker,Dance (Helltaker),Dance (Helltaker),跳舞(Helltaker),跳舞(Helltaker),Tanz (Helltaker),Danza (Helltaker),Danse (Helltaker),Tánc (Helltaker),ダンス (ヘルテイカー),댄스(헬테이커),Танец (Helltaker),Dança (Helltaker),Танець (Helltaker),Danza (Helltaker),เต้นรำ (เฮลเทคเกอร์),Dans (Cehennem Avcısı)
ANIM/Dance-LowCortisol,Dance (Low Cortisol),Dance (Low Cortisol),跳舞(低皮质醇),跳舞(低皮質醇),Tanzen (niedriger Cortisolspiegel),Danza (bajo cortisol),Danse (faible taux de cortisol),Tánc (alacsony kortizolszint),ダンス (コルチゾール低下),댄스(낮은 코르티솔),Танец (низкий уровень кортизола),Dança (baixo cortisol),Танці (низький кортизол),Danza (cortisolo basso),เต้นรำ (คอร์ติซอลต่ำ),Dans (Düşük Kortizol)
ANIM/Eat-Donut,Eat (Donut),Eat (Donut),吃(甜甜圈),喫(甜甜圈),Essen (Donut),comer (rosquilla),Manger (beignet),Egyél (fánk),食べる（ドーナツ）,먹다(도넛),Ешь (пончик),Coma (rosquinha),Їсти (пончик),Mangia (ciambella),กิน (โดนัท),Yemek (Çörek)
ANIM/Eat-Popcorn,Eat (Popcorn),Eat (Popcorn),吃(爆米花),喫(爆米花),Essen (Popcorn),Comer (palomitas de maíz),Manger (pop-corn),Egyél (pattogatott kukorica),食べる（ポップコーン）,먹다 (팝콘),Ешьте (попкорн),Comer (pipoca),Їсти (попкорн),Mangiare (Popcorn),กิน (ป๊อปคอร์น),Yemek (Patlamış mısır)
ANIM/Eat-Watermelon,Eat (Watermelon),Eat (Watermelon),吃(西瓜),喫(西瓜),Essen (Wassermelone),Comer (sandía),Manger (pastèque),Egyél (görögdinnye),食べる（スイカ）,먹다(수박),Ешьте (арбуз),Coma (melancia),Їсти (кавун),Mangia (anguria),กิน (แตงโม),Yemek (Karpuz)
ANIM/Game,Game,Game,打游戏,打遊戲,Spiel,Juego,Jeu,Játék,ゲーム,게임,Игра,Jogo,Гра,Gioco,เกม,Oyun
ANIM/Greeting-1,Greeting 1,Greeting 1,打招呼 1,打招呼 1,Begrüßung 1,Saludo 1,Salutation 1,Üdvözlet 1,ご挨拶1,인사말 1,Приветствие 1,Saudação 1,Вітання 1,Saluto 1,คำทักทาย 1,Selamlama 1
ANIM/Greeting-2,Greeting 2,Greeting 2,打招呼 2,打招呼 2,Begrüßung 2,Saludo 2,Salutation 2,Üdvözlet 2,ご挨拶2,인사말 2,Приветствие 2,Saudação 2,Вітання 2,Saluto 2,คำทักทาย 2,Selamlama 2
ANIM/Sparkling-1,Sparkling 1,Sparkling 1,期待 1,期待 1,Funkelnd 1,Espumoso 1,Pétillant 1,Szikrázó 1,スパークリング1,스파클링 1,Игристое 1,Espumante 1,Ігристе 1,Frizzante 1,เปล่งประกาย 1,Köpüklü 1
ANIM/Sparkling-2,Sparkling 2,Sparkling 2,期待 2,期待 2,Funkelnd 2,Espumoso 2,Pétillant 2,Szikrázó 2,スパークリング2,스파클링 2,Игристое 2,Espumante 2,Ігристе 2,frizzante 2,ประกาย 2,Köpüklü 2
ANIM/Think-Confident,Think (Confident),Think (Confident),思考（自信地）,思考（自信地）,Denken (selbstbewusst),Piensa (Confiado),Pensez (confiant),Gondolkodj (Magabiztos),考える（自信がある）,생각하다(자신감),Подумай (Уверенно),Pense (Confiante),Подумай (впевнено),Pensa (fiducioso),คิด(มั่นใจ),Düşün (Kendinden emin)
ANIM/Think-Serious,Think (Serious),Think (Serious),思考（认真地）,思考（認真地）,Denken Sie (ernsthaft),Piensa (en serio),Réfléchissez (sérieux),Gondolkozz (komolyan),考える（真剣）,생각해보세요 (진지하게),Подумай (Серьезно),Pense (sério),Подумай (серйозно),Pensa (sul serio),คิดถึง (จริงจัง),Düşün (Ciddi)
